,inchi,st_type,st_value,st_unit
0,"InChI=1S/C19H24FN5OS2/c1-10(2)8-12(9-26)22-16-15-17(23-18(21)28-15)25-19(24-16)27-11(3)13-6-4-5-7-14(13)20/h4-7,10-12,26H,8-9H2,1-3H3,(H3,21,22,23,24,25)/t11-,12+/m0/s1",CL,30.9,uL.min-1.(10^6cells)-1
1,"InChI=1S/C9H10N2OS/c1-2-12-6-3-4-7-8(5-6)13-9(10)11-7/h3-5H,2H2,1H3,(H2,10,11)",CL,12.02,uL.min-1.(10^6cells)-1
2,"InChI=1S/C24H24ClN7O3/c1-35-20-12-16(30-8-10-31(11-9-30)22(34)15-33)5-6-18(20)28-24-27-13-17(25)23(29-24)19-14-26-21-4-2-3-7-32(19)21/h2-7,12-14,33H,8-11,15H2,1H3,(H,27,28,29)",CL,12.3,uL.min-1.(10^6cells)-1
3,"InChI=1S/C31H37NO4/c33-30(16-10-2-1-5-11-25-12-6-3-7-13-25)32-28(19-22-31(34)35)23-26-17-20-29(21-18-26)36-24-27-14-8-4-9-15-27/h3-4,6-9,12-15,17-18,20-21,28H,1-2,5,10-11,16,19,22-24H2,(H,32,33)(H,34,35)/t28-/m0/s1",CL,17.38,uL.min-1.(10^6cells)-1
4,"InChI=1S/C17H16N2O2S/c1-10-4-6-14(7-5-10)19-11(2)8-13(12(19)3)9-15-16(20)18-17(21)22-15/h4-9H,1-3H3,(H,18,20,21)/b15-9-",CL,17.78,uL.min-1.(10^6cells)-1
5,"InChI=1S/C26H27N3O4S/c30-25-17-33-26(18-29(25)23-5-6-23)10-13-28(14-11-26)34(31,32)24-7-3-19(4-8-24)20-1-2-22-16-27-12-9-21(22)15-20/h1-4,7-9,12,15-16,23H,5-6,10-11,13-14,17-18H2",CL,150.0,uL.min-1.(10^6cells)-1
6,"InChI=1S/C18H21N5O5/c1-26-6-7-28-17-21-15(19)14-16(22-17)23(18(25)20-14)10-12-5-3-4-11(8-12)9-13(24)27-2/h3-5,8H,6-7,9-10H2,1-2H3,(H,20,25)(H2,19,21,22)",CL,125.0,uL.min-1.(10^6cells)-1
7,"InChI=1S/C20H25N3O5S/c1-27-17-8-4-15(5-9-17)12-13-22-19(16-6-10-18(28-2)11-7-16)14-23(20(22)24)21-29(3,25)26/h4-11,19,21H,12-14H2,1-3H3/t19-/m1/s1",CL,19.05,uL.min-1.(10^6cells)-1
8,"InChI=1S/C26H25N5O3/c1-16-6-8-19(31-26(32)17-7-9-22-23(12-17)34-11-10-33-22)13-21(16)28-14-18-4-3-5-20-24(18)29-15-30-25(20)27-2/h3-9,12-13,15,28H,10-11,14H2,1-2H3,(H,31,32)(H,27,29,30)",CL,41.69,uL.min-1.(10^6cells)-1
9,"InChI=1S/C33H41ClN6O2/c34-28-12-10-24(11-13-28)18-30(38-31(41)29-19-25-6-4-5-7-26(25)20-36-29)32(42)39-16-14-33(15-17-39,21-40-23-35-22-37-40)27-8-2-1-3-9-27/h4-7,10-13,22-23,27,29-30,36H,1-3,8-9,14-21H2,(H,38,41)/t29-,30-/m1/s1",CL,27.54,uL.min-1.(10^6cells)-1
10,"InChI=1S/C17H15ClN2O2S/c1-2-14(21)20-15(13-6-4-8-23-13)11-9-12(18)10-5-3-7-19-16(10)17(11)22/h3-9,15,22H,2H2,1H3,(H,20,21)",CL,150.0,uL.min-1.(10^6cells)-1
11,"InChI=1S/C25H31N5O3/c1-16-14-29(18-7-8-19-17(2)28-33-22(19)13-18)11-12-30(16)24(32)21-6-4-3-5-20(21)23(31)27-25(15-26)9-10-25/h7-8,13,16,20-21H,3-6,9-12,14H2,1-2H3,(H,27,31)/t16-,20-,21-/m1/s1",CL,30.2,uL.min-1.(10^6cells)-1
12,"InChI=1S/C22H19ClN4O3S/c23-14-8-10-16(11-9-14)31(29,30)18-13-17-21(27(20(18)24)15-5-1-2-6-15)25-19-7-3-4-12-26(19)22(17)28/h3-4,7-13,15,24H,1-2,5-6H2",CL,35.48,uL.min-1.(10^6cells)-1
13,"InChI=1S/C26H27N3O4S/c30-25-17-33-26(18-29(25)22-7-8-22)11-14-28(15-12-26)34(31,32)23-9-5-19(6-10-23)21-4-3-20-2-1-13-27-24(20)16-21/h1-6,9-10,13,16,22H,7-8,11-12,14-15,17-18H2",CL,9.12,uL.min-1.(10^6cells)-1
14,"InChI=1S/C26H26Cl2N2O7S/c1-3-4-11-29-26(33)17-6-9-21(37-22-8-5-16(13-25(31)32)12-23(22)36-2)20(14-17)30-38(34,35)24-10-7-18(27)15-19(24)28/h5-10,12,14-15,30H,3-4,11,13H2,1-2H3,(H,29,33)(H,31,32)",CL,3.0,uL.min-1.(10^6cells)-1
15,"InChI=1S/C24H26FN5O3S/c1-15-21(23(31)27-16(2)24(3,4)5)22(30(28-15)19-10-8-18(25)9-11-19)29-34(32,33)20-12-6-17(14-26)7-13-20/h6-13,16,29H,1-5H3,(H,27,31)/t16-/m0/s1",CL,3.0,uL.min-1.(10^6cells)-1
16,"InChI=1S/C20H23ClN2O5S/c21-18-6-7-19(28-14-20(24)25)17(12-18)13-22-8-10-23(11-9-22)29(26,27)15-16-4-2-1-3-5-16/h1-7,12H,8-11,13-15H2,(H,24,25)",CL,3.0,uL.min-1.(10^6cells)-1
17,"InChI=1S/C18H29NO3/c1-14(2)19-11-17(20)13-22-18-7-5-15(6-8-18)9-10-21-12-16-3-4-16/h5-8,14,16-17,19-20H,3-4,9-13H2,1-2H3",CL,3.0,uL.min-1.(10^6cells)-1
18,"InChI=1S/C25H25ClN4O4/c26-23-11-19(6-5-16(23)12-27)34-18-7-9-30(10-8-18)15-17(31)13-28-25(33)22-14-29-24(32)21-4-2-1-3-20(21)22/h1-6,11,14,17-18,31H,7-10,13,15H2,(H,28,33)(H,29,32)/t17-/m1/s1",CL,3.0,uL.min-1.(10^6cells)-1
19,"InChI=1S/C25H28N6O/c1-2-3-10-22-26-25(15-6-7-16-25)24(32)31(22)17-18-11-13-19(14-12-18)20-8-4-5-9-21(20)23-27-29-30-28-23/h4-5,8-9,11-14H,2-3,6-7,10,15-17H2,1H3,(H,27,28,29,30)",CL,10.47,uL.min-1.(10^6cells)-1
20,"InChI=1S/C12H9NO2S/c14-11-10(16-12(15)13-11)8-4-7-9-5-2-1-3-6-9/h1-8H,(H,13,14,15)",CL,10.47,uL.min-1.(10^6cells)-1
21,"InChI=1S/C26H31Cl2N7O3/c1-5-34-10-12-35(13-11-34)18-8-6-17(7-9-18)31-21-15-22(30-16-29-21)33(2)26(36)32-25-23(27)19(37-3)14-20(38-4)24(25)28/h6-9,14-16H,5,10-13H2,1-4H3,(H,32,36)(H,29,30,31)",CL,28.84,uL.min-1.(10^6cells)-1
22,"InChI=1S/C30H34N2O3/c1-22-28-20-26(34)12-15-29(28)32(30(22)24-8-10-25(33)11-9-24)21-23-6-13-27(14-7-23)35-19-18-31-16-4-2-3-5-17-31/h6-15,20,33-34H,2-5,16-19,21H2,1H3",CL,17.78,uL.min-1.(10^6cells)-1
23,"InChI=1S/C28H31F5N6O4/c1-26(2,34)24(41)36-21(14-43-13-17-6-7-18(29)11-20(17)30)23(40)38-10-8-22-27(15-38,12-19-5-3-4-9-35-19)25(42)39(37-22)16-28(31,32)33/h3-7,9,11,21H,8,10,12-16,34H2,1-2H3,(H,36,41)/t21-,27-/m1/s1",CL,15.49,uL.min-1.(10^6cells)-1
24,"InChI=1S/C17H17Cl2FN4O4S/c18-10-4-5-13(23-17(26)22-12-3-1-2-11(20)14(12)19)15(25)16(10)29(27,28)24-8-6-21-7-9-24/h1-5,21,25H,6-9H2,(H2,22,23,26)",CL,3.0,uL.min-1.(10^6cells)-1
25,"InChI=1S/C22H21FN4O2/c23-18-1-3-19(4-2-18)26-20-13-16(5-9-24-20)17-6-10-25-21(14-17)27-22(28)15-7-11-29-12-8-15/h1-6,9-10,13-15H,7-8,11-12H2,(H,24,26)(H,25,27,28)",CL,14.79,uL.min-1.(10^6cells)-1
26,"InChI=1S/C24H27N3O5/c1-17(28)22(24(30)26-31)25-23(29)21-10-8-19(9-11-21)3-2-18-4-6-20(7-5-18)16-27-12-14-32-15-13-27/h4-11,17,22,28,31H,12-16H2,1H3,(H,25,29)(H,26,30)/t17-,22+/m1/s1",CL,15.14,uL.min-1.(10^6cells)-1
27,"InChI=1S/C17H26N2O/c1-4-11-19-12-6-5-10-15(19)17(20)18-16-13(2)8-7-9-14(16)3/h7-9,15H,4-6,10-12H2,1-3H3,(H,18,20)/t15-/m0/s1",CL,15.49,uL.min-1.(10^6cells)-1
28,"InChI=1S/C22H19ClO3/c23-19-9-12-21(17-4-2-1-3-5-17)18(14-19)15-26-20-10-6-16(7-11-20)8-13-22(24)25/h1-7,9-12,14H,8,13,15H2,(H,24,25)",CL,21.38,uL.min-1.(10^6cells)-1
29,"InChI=1S/C29H33N3O6/c33-25-17-28(32-10-14-36-15-11-32)38-29-22(2-1-3-23(25)29)21-6-7-24(26(16-21)37-19-20-4-5-20)30-27(34)18-31-8-12-35-13-9-31/h1-3,6-7,16-17,20H,4-5,8-15,18-19H2,(H,30,34)",CL,95.5,uL.min-1.(10^6cells)-1
30,"InChI=1S/C22H24Cl2N2O3/c1-15-13-25(14-18-11-20(24)7-4-17(18)12-22(28)29)8-9-26(15)21(27)10-16-2-5-19(23)6-3-16/h2-7,11,15H,8-10,12-14H2,1H3,(H,28,29)/t15-/m0/s1",CL,13.5,uL.min-1.(10^6cells)-1
31,"InChI=1S/C28H31N3O6/c1-2-12-36-25-17-20(6-7-23(25)29-26(33)19-30-8-13-34-14-9-30)21-4-3-5-22-24(32)18-27(37-28(21)22)31-10-15-35-16-11-31/h2-7,17-18H,1,8-16,19H2,(H,29,33)",CL,83.18,uL.min-1.(10^6cells)-1
32,"InChI=1S/C17H11F6N3O2S/c18-16(19,20)11-3-1-10(2-4-11)14-9-15(17(21,22)23)25-26(14)12-5-7-13(8-6-12)29(24,27)28/h1-9H,(H2,24,27,28)",CL,18.2,uL.min-1.(10^6cells)-1
33,"InChI=1S/C32H29N5O2/c1-35-19-25(23-9-2-4-11-27(23)35)29-30(32(39)34-31(29)38)26-20-37(28-12-5-3-10-24(26)28)22-13-16-36(17-14-22)18-21-8-6-7-15-33-21/h2-12,15,19-20,22H,13-14,16-18H2,1H3,(H,34,38,39)",CL,6.0,uL.min-1.(10^6cells)-1
34,"InChI=1S/C15H14ClFN4O2S2/c1-7(5-22)18-12-11-13(21-15(23)25-11)20-14(19-12)24-6-8-3-2-4-9(16)10(8)17/h2-4,7,22H,5-6H2,1H3,(H2,18,19,20,21,23)/t7-/m1/s1",CL,19.91,uL.min-1.(10^6cells)-1
35,"InChI=1S/C25H26ClN5O5S2/c1-35-20-7-3-6-19-23(20)24(30-38(33,34)22-9-8-21(26)37-22)29-31(19)14-17-5-2-4-16(12-17)13-28-25(32)18-15-36-11-10-27-18/h2-9,12,18,27H,10-11,13-15H2,1H3,(H,28,32)(H,29,30)/t18-/m1/s1",CL,16.0,uL.min-1.(10^6cells)-1
36,"InChI=1S/C18H23N5OS2/c1-11(2)8-13(9-24)20-15-14-16(21-17(19)26-14)23-18(22-15)25-10-12-6-4-3-5-7-12/h3-7,11,13,24H,8-10H2,1-2H3,(H3,19,20,21,22,23)/t13-/m1/s1",CL,20.42,uL.min-1.(10^6cells)-1
37,"InChI=1S/C21H28O5/c1-19-7-5-13(23)9-12(19)3-4-14-15-6-8-21(26,17(25)11-22)20(15,2)10-16(24)18(14)19/h9,14-15,18,22,26H,3-8,10-11H2,1-2H3/t14-,15-,18+,19-,20-,21-/m0/s1",CL,17.38,uL.min-1.(10^6cells)-1
38,"InChI=1S/C20H16ClF3N2O3/c21-16-5-4-12(10-15(16)20(22,23)24)11-18(28)25-17-3-1-2-14-13(17)6-7-26(8-9-27)19(14)29/h1-7,10,27H,8-9,11H2,(H,25,28)",CL,32.0,uL.min-1.(10^6cells)-1
39,"InChI=1S/C14H15ClN2OS/c1-9(2)12(10-3-5-11(15)6-4-10)13(18)17-14-16-7-8-19-14/h3-9,12H,1-2H3,(H,16,17,18)/t12-/m0/s1",CL,12.02,uL.min-1.(10^6cells)-1
40,"InChI=1S/C23H26Cl2N2O4/c1-15-13-26(9-10-27(15)22(28)11-17-3-5-19(24)6-4-17)14-18-12-20(25)7-8-21(18)31-16(2)23(29)30/h3-8,12,15-16H,9-11,13-14H2,1-2H3,(H,29,30)/t15-,16-/m0/s1",CL,4.7,uL.min-1.(10^6cells)-1
41,"InChI=1S/C30H39FN4O4/c1-19-18-33-27(23-12-13-23)30(38)35(3)20(2)28(36)34-25(17-21-10-14-24(31)15-11-21)29(37)32-16-6-8-22-7-4-5-9-26(22)39-19/h4-5,7,9-11,14-15,19-20,23,25,27,33H,6,8,12-13,16-18H2,1-3H3,(H,32,37)(H,34,36)/t19-,20-,25-,27+/m1/s1",CL,26.92,uL.min-1.(10^6cells)-1
42,"InChI=1S/C16H18N4O2S2/c1-2-11(8-21)17-13-12-14(20-16(22)24-12)19-15(18-13)23-9-10-6-4-3-5-7-10/h3-7,11,21H,2,8-9H2,1H3,(H2,17,18,19,20,22)/t11-/m1/s1",CL,10.0,uL.min-1.(10^6cells)-1
43,"InChI=1S/C26H32N6O4/c1-17-15-35-12-9-31(17)24-21-6-7-22(19-4-3-5-20(14-19)25(34)27-8-11-33)28-23(21)29-26(30-24)32-10-13-36-16-18(32)2/h3-7,14,17-18,33H,8-13,15-16H2,1-2H3,(H,27,34)/t17-,18-/m0/s1",CL,10.0,uL.min-1.(10^6cells)-1
44,"InChI=1S/C21H17FN2O2/c1-13-17(11-16-8-6-14-4-2-3-5-19(14)23-16)18-10-15(22)7-9-20(18)24(13)12-21(25)26/h2-10H,11-12H2,1H3,(H,25,26)",CL,4.04,uL.min-1.(10^6cells)-1
45,"InChI=1S/C24H26F4N4O3S/c1-14-20(22(33)29-15(2)23(3,4)5)21(32(30-14)18-10-8-17(25)9-11-18)31-36(34,35)19-12-6-16(7-13-19)24(26,27)28/h6-13,15,31H,1-5H3,(H,29,33)/t15-/m0/s1",CL,3.0,uL.min-1.(10^6cells)-1
46,"InChI=1S/C22H31ClN4O3/c1-15-10-20(26-27(15)13-17(28)12-24)16-6-7-19(23)18(11-16)21(29)25-14-22(30)8-4-2-3-5-9-22/h6-7,10-11,17,28,30H,2-5,8-9,12-14,24H2,1H3,(H,25,29)/t17-/m1/s1",CL,3.0,uL.min-1.(10^6cells)-1
47,"InChI=1S/C13H24N4O3S/c1-13(2,3)14-8-10(18)9-20-12-11(15-21-16-12)17-4-6-19-7-5-17/h10,14,18H,4-9H2,1-3H3",CL,4.57,uL.min-1.(10^6cells)-1
48,"InChI=1S/C21H25ClN2O4S/c1-16-13-23(14-19-11-20(22)8-7-18(19)12-21(25)26)9-10-24(16)29(27,28)15-17-5-3-2-4-6-17/h2-8,11,16H,9-10,12-15H2,1H3,(H,25,26)/t16-/m0/s1",CL,8.7,uL.min-1.(10^6cells)-1
49,"InChI=1S/C26H35N3O4S/c1-2-3-16-29(23(31)13-19-33-18-12-20-7-5-4-6-8-20)17-15-27-14-11-21-9-10-22(30)24-25(21)34-26(32)28-24/h4-10,27,30H,2-3,11-19H2,1H3,(H,28,32)",CL,25.92,uL.min-1.(10^6cells)-1
50,"InChI=1S/C30H40N2O4/c1-19(31-17-28(35)25-5-6-27(34)26(13-25)18-33)7-20-3-2-4-21(8-20)12-29(36)32-30-14-22-9-23(15-30)11-24(10-22)16-30/h2-6,8,13,19,22-24,28,31,33-35H,7,9-12,14-18H2,1H3,(H,32,36)/t19-,22?,23?,24?,28+,30?/m1/s1",CL,21.9,uL.min-1.(10^6cells)-1
51,"InChI=1S/C22H19N7O/c1-13-6-3-4-9-16(13)29-17(27-15-8-5-7-14(2)18(15)22(29)30)10-28-12-26-19-20(23)24-11-25-21(19)28/h3-9,11-12H,10H2,1-2H3,(H2,23,24,25)",CL,10.96,uL.min-1.(10^6cells)-1
52,"InChI=1S/C22H22FN3O3/c23-17-7-5-15(6-8-17)20(27)16-9-11-25(12-10-16)13-14-26-21(28)18-3-1-2-4-19(18)24-22(26)29/h1-8,16H,9-14H2,(H,24,29)",CL,30.2,uL.min-1.(10^6cells)-1
53,"InChI=1S/C26H21NO4/c1-2-22-25(18-6-4-3-5-7-18)26(21-14-11-19(28)16-23(21)27-22)31-20-12-8-17(9-13-20)10-15-24(29)30/h3-16,28H,2H2,1H3,(H,29,30)/b15-10+",CL,38.9,uL.min-1.(10^6cells)-1
54,"InChI=1S/C18H18N2O2S/c1-12-2-4-13(5-3-12)8-9-19-18(22)14-6-7-16-15(10-14)20-17(11-21)23-16/h2-7,10,21H,8-9,11H2,1H3,(H,19,22)",CL,42.66,uL.min-1.(10^6cells)-1
55,"InChI=1S/C22H29N3O2/c26-21(14-16-6-3-1-2-4-7-16)24-20-9-5-8-19-18(20)11-13-25(22(19)27)17-10-12-23-15-17/h5,8-9,11,13,16-17,23H,1-4,6-7,10,12,14-15H2,(H,24,26)/t17-/m0/s1",CL,3.4,uL.min-1.(10^6cells)-1
56,"InChI=1S/C17H14F3N3O2S/c1-11-2-4-12(5-3-11)15-10-16(17(18,19)20)22-23(15)13-6-8-14(9-7-13)26(21,24)25/h2-10H,1H3,(H2,21,24,25)",CL,25.7,uL.min-1.(10^6cells)-1
57,"InChI=1S/C22H28N8O5S/c1-22(2,3)28-36(33,34)17-10-16(11-23-12-17)15-4-5-18-25-20(27-30(18)14-15)26-21(32)24-13-19(31)29-6-8-35-9-7-29/h4-5,10-12,14,28H,6-9,13H2,1-3H3,(H2,24,26,27,32)",CL,3.39,uL.min-1.(10^6cells)-1
58,"InChI=1S/C19H16O4/c1-12(20)11-15(13-7-3-2-4-8-13)17-18(21)14-9-5-6-10-16(14)23-19(17)22/h2-10,15,21H,11H2,1H3/t15-/m1/s1",CL,3.47,uL.min-1.(10^6cells)-1
59,"InChI=1S/C26H18N6O/c27-15-17-1-3-18(4-2-17)19-5-9-21(10-6-19)31-26(33)32-22-11-7-20(8-12-22)23-13-14-28-25-24(23)29-16-30-25/h1-14,16H,(H,28,29,30)(H2,31,32,33)",CL,67.61,uL.min-1.(10^6cells)-1
60,"InChI=1S/C25H26ClN7O3/c1-16(34)24(35)32-11-9-31(10-12-32)17-6-7-19(21(13-17)36-2)29-25-28-14-18(26)23(30-25)20-15-27-22-5-3-4-8-33(20)22/h3-8,13-16,34H,9-12H2,1-2H3,(H,28,29,30)/t16-/m1/s1",CL,12.59,uL.min-1.(10^6cells)-1
61,"InChI=1S/C17H21NO3/c1-3-11-6-5-7-12-13-8-9-21-17(4-2,10-14(19)20)16(13)18-15(11)12/h5-7,18H,3-4,8-10H2,1-2H3,(H,19,20)",CL,12.88,uL.min-1.(10^6cells)-1
62,"InChI=1S/C16H11Cl2N5/c17-12-6-5-10(7-13(12)18)9-23-14-4-2-1-3-11(14)8-15(23)16-19-21-22-20-16/h1-8H,9H2,(H,19,20,21,22)",CL,12.88,uL.min-1.(10^6cells)-1
63,"InChI=1S/C8H8N2O3S2/c1-10-7-3-2-5(15(9,12)13)4-6(7)8(11)14-10/h2-4H,1H3,(H2,9,12,13)",CL,27.54,uL.min-1.(10^6cells)-1
64,"InChI=1S/C27H31N3O6/c1-2-35-24-16-19(6-7-22(24)28-25(32)18-29-8-12-33-13-9-29)20-4-3-5-21-23(31)17-26(36-27(20)21)30-10-14-34-15-11-30/h3-7,16-17H,2,8-15,18H2,1H3,(H,28,32)",CL,51.29,uL.min-1.(10^6cells)-1
65,"InChI=1S/C19H21N5O3S/c1-28(25,26)19(5-6-19)16-11-17(24-7-9-27-10-8-24)22-18(21-16)13-3-2-4-15-14(13)12-20-23-15/h2-4,11-12H,5-10H2,1H3,(H,20,23)",CL,3.0,uL.min-1.(10^6cells)-1
66,"InChI=1S/C34H30N4O/c39-34-36-31-12-6-7-13-32(31)38(34)28-18-20-37(21-19-28)23-24-14-16-26(17-15-24)33-29(25-8-2-1-3-9-25)22-27-10-4-5-11-30(27)35-33/h1-17,22,28H,18-21,23H2,(H,36,39)",CL,3.0,uL.min-1.(10^6cells)-1
67,"InChI=1S/C14H16N2O4/c1-14(5-6-14)4-2-3-8-7-9(17)20-12-10(8)11(18)15-13(19)16-12/h7H,2-6H2,1H3,(H2,15,16,18,19)",CL,3.0,uL.min-1.(10^6cells)-1
68,"InChI=1S/C28H36F2N2O2/c1-18-14-31(15-19(2)28(18,34)20-9-7-6-8-10-20)26(33)24-17-32(27(3,4)5)16-23(24)22-12-11-21(29)13-25(22)30/h6-13,18-19,23-24,34H,14-17H2,1-5H3/t18-,19+,23-,24+,28-/m0/s1",CL,25.12,uL.min-1.(10^6cells)-1
69,"InChI=1S/C10H11NO/c1-3-10(12)11-9-6-4-8(2)5-7-9/h3-7H,1H2,2H3,(H,11,12)",CL,21.38,uL.min-1.(10^6cells)-1
70,"InChI=1S/C17H20O6/c1-9(5-7-13(18)19)4-6-11-15(20)14-12(8-23-17(14)21)10(2)16(11)22-3/h4,20H,5-8H2,1-3H3,(H,18,19)/b9-4+",CL,14.79,uL.min-1.(10^6cells)-1
71,"InChI=1S/C18H13F3N2O2/c1-11-2-4-12(5-3-11)15-10-16(18(19,20)21)22-23(15)14-8-6-13(7-9-14)17(24)25/h2-10H,1H3,(H,24,25)",CL,10.72,uL.min-1.(10^6cells)-1
72,"InChI=1S/C18H15F3N2OS/c1-12-3-5-13(6-4-12)16-11-17(18(19,20)21)22-23(16)14-7-9-15(10-8-14)25(2)24/h3-11H,1-2H3",CL,14.79,uL.min-1.(10^6cells)-1
73,"InChI=1S/C24H21ClN2O4S/c1-30-21-10-17(8-9-20(21)31-12-19(28)14-2-3-14)27-13-26-18-11-22(32-23(18)24(27)29)15-4-6-16(25)7-5-15/h4-11,13-14,19,28H,2-3,12H2,1H3/t19-/m0/s1",CL,22.91,uL.min-1.(10^6cells)-1
74,"InChI=1S/C14H11BrN2O3S2/c15-9-1-4-11(5-2-9)22(19,20)17-10-3-6-13-12(7-10)16-14(8-18)21-13/h1-7,17-18H,8H2",CL,24.55,uL.min-1.(10^6cells)-1
75,"InChI=1S/C28H22FN7O2/c1-15-6-3-4-9-20(15)36-22(33-19-8-5-7-16(2)23(19)28(36)38)13-35-27-24(26(30)31-14-32-27)25(34-35)17-10-11-21(37)18(29)12-17/h3-12,14,37H,13H2,1-2H3,(H2,30,31,32)",CL,39.81,uL.min-1.(10^6cells)-1
76,"InChI=1S/C26H29N5O7/c1-4-7-21(31-13-6-8-19(26(31)36)29-24(34)20-14-16(3)38-30-20)25(35)28-18(9-10-22(32)37-5-2)15-17-11-12-27-23(17)33/h1,6,8-10,13-14,17-18,21H,5,7,11-12,15H2,2-3H3,(H,27,33)(H,28,35)(H,29,34)/b10-9+/t17-,18+,21-/m0/s1",CL,38.02,uL.min-1.(10^6cells)-1
77,"InChI=1S/C18H16FNO6S2/c1-11-15(10-18(21)22)16-9-12(19)3-8-17(16)20(11)28(25,26)14-6-4-13(5-7-14)27(2,23)24/h3-9H,10H2,1-2H3,(H,21,22)",CL,7.9,uL.min-1.(10^6cells)-1
78,"InChI=1S/C21H18N4OS/c1-11-3-4-13(10-22-11)15-6-5-14-16(25-15)7-8-17-18(14)19-20(27-17)21(26)24-12(2)9-23-19/h3-8,10,12,23H,9H2,1-2H3,(H,24,26)/t12-/m1/s1",CL,6.92,uL.min-1.(10^6cells)-1
79,"InChI=1S/C31H38N4O6/c36-27-21-30(35-13-17-39-18-14-35)41-31-24(4-3-5-25(27)31)23-6-7-26(32-29(37)22-34-10-15-38-16-11-34)28(20-23)40-19-12-33-8-1-2-9-33/h3-7,20-21H,1-2,8-19,22H2,(H,32,37)",CL,5.5,uL.min-1.(10^6cells)-1
80,"InChI=1S/C24H22N4O/c25-23(29)18-11-14-28-20(15-18)27-21(22(28)17-5-2-1-3-6-17)16-7-9-19(10-8-16)24(26)12-4-13-24/h1-3,5-11,14-15H,4,12-13,26H2,(H2,25,29)",CL,3.72,uL.min-1.(10^6cells)-1
81,"InChI=1S/C16H14ClN3O/c1-18-15-10-20(21)16(11-5-3-2-4-6-11)13-9-12(17)7-8-14(13)19-15/h2-9H,10H2,1H3,(H,18,19)",CL,3.89,uL.min-1.(10^6cells)-1
82,"InChI=1S/C16H11Cl2FO2/c17-12-4-1-9(7-13(12)18)11-3-2-10(8-14(11)19)16(5-6-16)15(20)21/h1-4,7-8H,5-6H2,(H,20,21)",CL,38.9,uL.min-1.(10^6cells)-1
83,"InChI=1S/C22H28O3/c1-20-9-5-15(23)13-14(20)3-4-16-17(20)6-10-21(2)18(16)7-11-22(21)12-8-19(24)25-22/h3-4,13,16-18H,5-12H2,1-2H3/t16-,17+,18+,20+,21+,22-/m1/s1",CL,6.61,uL.min-1.(10^6cells)-1
84,"InChI=1S/C14H20N2O2/c1-10(2)16-8-11(17)9-18-14-5-3-4-13-12(14)6-7-15-13/h3-7,10-11,15-17H,8-9H2,1-2H3",CL,7.59,uL.min-1.(10^6cells)-1
85,"InChI=1S/C13H14N4O3S2/c1-7(5-18)14-10-9-11(17-13(19)22-9)16-12(15-10)21-6-8-3-2-4-20-8/h2-4,7,18H,5-6H2,1H3,(H2,14,15,16,17,19)/t7-/m1/s1",CL,27.3,uL.min-1.(10^6cells)-1
86,"InChI=1S/C14H10N2OS/c17-13(10-6-2-1-3-7-10)16-14-15-11-8-4-5-9-12(11)18-14/h1-9H,(H,15,16,17)",CL,77.62,uL.min-1.(10^6cells)-1
87,"InChI=1S/C31H42N6O3/c1-30(2,32)28(39)34-26(18-23-20-33-25-15-10-9-14-24(23)25)27(38)37-17-11-16-31(21-37,29(40)36(5)35(3)4)19-22-12-7-6-8-13-22/h6-10,12-15,20,26,33H,11,16-19,21,32H2,1-5H3,(H,34,39)/t26-,31-/m1/s1",CL,8.91,uL.min-1.(10^6cells)-1
88,"InChI=1S/C16H17F2N5O2S2/c1-16(6-24,7-25)23-13-11-12(20-14(19)27-11)21-15(22-13)26-5-8-3-2-4-9(17)10(8)18/h2-4,24-25H,5-7H2,1H3,(H3,19,20,21,22,23)",CL,4.92,uL.min-1.(10^6cells)-1
89,"InChI=1S/C16H21N3/c1-12-15(13-8-4-2-5-9-13)16(17)19(18-12)14-10-6-3-7-11-14/h2,4-5,8-9,14H,3,6-7,10-11,17H2,1H3",CL,13.8,uL.min-1.(10^6cells)-1
90,"InChI=1S/C22H22N4O2/c27-22(16-8-12-28-13-9-16)26-21-15-18(7-11-24-21)17-6-10-23-20(14-17)25-19-4-2-1-3-5-19/h1-7,10-11,14-16H,8-9,12-13H2,(H,23,25)(H,24,26,27)",CL,16.22,uL.min-1.(10^6cells)-1
91,"InChI=1S/C13H12F3N3/c1-8-6-9(2)18-12(17-8)19-11-5-3-4-10(7-11)13(14,15)16/h3-7H,1-2H3,(H,17,18,19)",CL,36.31,uL.min-1.(10^6cells)-1
92,"InChI=1S/C13H12N2/c14-10-1-3-12-8(6-10)5-9-7-11(15)2-4-13(9)12/h1-4,6-7H,5,14-15H2",CL,61.66,uL.min-1.(10^6cells)-1
93,"InChI=1S/C14H12O3S/c1-9(14(16)17)10-4-6-11(7-5-10)13(15)12-3-2-8-18-12/h2-9H,1H3,(H,16,17)",CL,9.77,uL.min-1.(10^6cells)-1
94,"InChI=1S/C9H8N2O2/c1-5-2-3-6-7(4-5)11-8(10-6)9(12)13/h2-4H,1H3,(H,10,11)(H,12,13)",CL,9.77,uL.min-1.(10^6cells)-1
95,"InChI=1S/C28H33N3O6/c1-19(2)36-25-16-20(6-7-23(25)29-26(33)18-30-8-12-34-13-9-30)21-4-3-5-22-24(32)17-27(37-28(21)22)31-10-14-35-15-11-31/h3-7,16-17,19H,8-15,18H2,1-2H3,(H,29,33)",CL,87.1,uL.min-1.(10^6cells)-1
96,"InChI=1S/C16H15F2N5O2S/c1-8(6-24)20-14-13-15(21-11(25)5-19-13)23-16(22-14)26-7-9-3-2-4-10(17)12(9)18/h2-5,8,24H,6-7H2,1H3,(H2,20,21,22,23,25)/t8-/m1/s1",CL,23.22,uL.min-1.(10^6cells)-1
97,"InChI=1S/C24H20Cl2FN5O2/c1-13-10-29-24(31-19-6-5-17(27)9-18(19)26)32-22(13)15-8-20(28-11-15)23(34)30-21(12-33)14-3-2-4-16(25)7-14/h2-11,21,28,33H,12H2,1H3,(H,30,34)(H,29,31,32)/t21-/m1/s1",CL,8.51,uL.min-1.(10^6cells)-1
98,"InChI=1S/C22H21ClN4O4S2/c1-14(28)24-12-15-5-3-6-16(11-15)13-27-17-7-4-8-18(31-2)21(17)22(25-27)26-33(29,30)20-10-9-19(23)32-20/h3-11H,12-13H2,1-2H3,(H,24,28)(H,25,26)",CL,150.0,uL.min-1.(10^6cells)-1
99,"InChI=1S/C7H5FN2S/c8-4-1-2-5-6(3-4)11-7(9)10-5/h1-3H,(H2,9,10)",CL,5.75,uL.min-1.(10^6cells)-1
100,"InChI=1S/C16H17F2N5OS2/c1-16(2,7-24)23-13-11-12(20-14(19)26-11)21-15(22-13)25-6-8-4-3-5-9(17)10(8)18/h3-5,24H,6-7H2,1-2H3,(H3,19,20,21,22,23)",CL,5.88,uL.min-1.(10^6cells)-1
101,"InChI=1S/C18H21N5S/c1-2-14-13-9-10-22-17(15-8-5-11-24-15)19-20-18(22)16(13)23(21-14)12-6-3-4-7-12/h5,8,11-12H,2-4,6-7,9-10H2,1H3",CL,6.0,uL.min-1.(10^6cells)-1
102,"InChI=1S/C26H29N3O6/c1-32-23-15-18(5-6-21(23)27-24(31)17-28-7-11-33-12-8-28)19-3-2-4-20-22(30)16-25(35-26(19)20)29-9-13-34-14-10-29/h2-6,15-16H,7-14,17H2,1H3,(H,27,31)",CL,27.54,uL.min-1.(10^6cells)-1
103,"InChI=1S/C14H11N5OS/c1-20-12-5-3-2-4-10(12)11-8-21-14(18-11)19-13(16)9(6-15)7-17-19/h2-5,7-8H,16H2,1H3",CL,54.95,uL.min-1.(10^6cells)-1
104,"InChI=1S/C26H34N6O2/c1-17-15-31(19-8-9-20-18(2)29-30(3)23(20)14-19)12-13-32(17)25(34)22-7-5-4-6-21(22)24(33)28-26(16-27)10-11-26/h8-9,14,17,21-22H,4-7,10-13,15H2,1-3H3,(H,28,33)/t17-,21-,22-/m1/s1",CL,7.41,uL.min-1.(10^6cells)-1
105,"InChI=1S/C22H31N3O2/c1-14(2)13-27-18-6-5-16-12-21(9-7-17(26-4)8-10-21)22(19(16)11-18)24-15(3)20(23)25-22/h5-6,11,14,17H,7-10,12-13H2,1-4H3,(H2,23,25)/t17-,21-,22?",CL,7.24,uL.min-1.(10^6cells)-1
106,"InChI=1S/C26H30NO4S2/c28-25(26(29,23-9-4-17-32-23)24-10-5-18-33-24)31-22-19-27(14-11-20(22)12-15-27)13-6-16-30-21-7-2-1-3-8-21/h1-5,7-10,17-18,20,22,29H,6,11-16,19H2/q+1/t20?,22-,27?/m0/s1",CL,64.0,uL.min-1.(10^6cells)-1
107,"InChI=1S/C23H32ClN3O/c24-21-2-1-16(14-27-5-3-25-4-6-27)10-20(21)22(28)26-15-23-11-17-7-18(12-23)9-19(8-17)13-23/h1-2,10,17-19,25H,3-9,11-15H2,(H,26,28)",CL,4.46,uL.min-1.(10^6cells)-1
108,"InChI=1S/C23H25N3O3/c1-3-21(27)24-17-11-8-16(14-17)23(28)26(2)18-12-9-15(10-13-18)22-25-19-6-4-5-7-20(19)29-22/h4-7,9-10,12-13,16-17H,3,8,11,14H2,1-2H3,(H,24,27)/t16-,17+/m1/s1",CL,4.57,uL.min-1.(10^6cells)-1
109,"InChI=1S/C22H22N2O5/c1-3-15-20(21(26)22(23)27)19-16(24(15)12-14-8-5-4-6-9-14)10-7-11-17(19)29-13-18(25)28-2/h4-11H,3,12-13H2,1-2H3,(H2,23,27)",CL,50.12,uL.min-1.(10^6cells)-1
110,"InChI=1S/C28H36F2N2O3/c1-20-17-24(30)7-8-26(20)35-25-11-13-31(14-12-25)19-22-9-15-32(16-10-22)28(2,27(33)34)18-21-3-5-23(29)6-4-21/h3-8,17,22,25H,9-16,18-19H2,1-2H3,(H,33,34)/t28-/m0/s1",CL,3.0,uL.min-1.(10^6cells)-1
111,"InChI=1S/C23H28N4O3S/c1-5-18(6-2)24-23(28)21-17(4)25-27(19-10-8-7-9-11-19)22(21)26-31(29,30)20-14-12-16(3)13-15-20/h7-15,18,26H,5-6H2,1-4H3,(H,24,28)",CL,3.0,uL.min-1.(10^6cells)-1
112,"InChI=1S/C19H21N5O2S2/c1-3-5-14(10-25)21-16-15-17(24-19(26)28-15)23-18(22-16)27-11(2)13-7-4-6-12(8-13)9-20/h4,6-8,11,14,25H,3,5,10H2,1-2H3,(H2,21,22,23,24,26)/t11-,14+/m0/s1",CL,22.39,uL.min-1.(10^6cells)-1
113,"InChI=1S/C27H30N4O7/c28-24(33)17-37-23-14-18(4-5-21(23)29-25(34)16-30-6-10-35-11-7-30)19-2-1-3-20-22(32)15-26(38-27(19)20)31-8-12-36-13-9-31/h1-5,14-15H,6-13,16-17H2,(H2,28,33)(H,29,34)",CL,3.0,uL.min-1.(10^6cells)-1
114,"InChI=1S/C19H21ClN2O5S/c20-16-6-7-18(27-14-19(23)24)15(12-16)13-21-8-10-22(11-9-21)28(25,26)17-4-2-1-3-5-17/h1-7,12H,8-11,13-14H2,(H,23,24)",CL,3.0,uL.min-1.(10^6cells)-1
115,"InChI=1S/C28H33ClFN3O3/c1-19-26(7-4-22(17-31)27(19)29)36-24-10-12-32(13-11-24)18-21-8-14-33(15-9-21)25(28(34)35)16-20-2-5-23(30)6-3-20/h2-7,21,24-25H,8-16,18H2,1H3,(H,34,35)/t25-/m0/s1",CL,3.0,uL.min-1.(10^6cells)-1
116,"InChI=1S/C16H17F2N5OS2/c1-2-9(6-24)20-13-12-14(21-15(19)26-12)23-16(22-13)25-7-8-4-3-5-10(17)11(8)18/h3-5,9,24H,2,6-7H2,1H3,(H3,19,20,21,22,23)/t9-/m1/s1",CL,5.16,uL.min-1.(10^6cells)-1
117,"InChI=1S/C20H21F3N2O5S/c21-20(22,23)16-6-7-18(30-14-19(26)27)15(12-16)13-24-8-10-25(11-9-24)31(28,29)17-4-2-1-3-5-17/h1-7,12H,8-11,13-14H2,(H,26,27)",CL,3.0,uL.min-1.(10^6cells)-1
118,"InChI=1S/C15H16N4O2S2/c1-9(7-20)16-12-11-13(19-15(21)23-11)18-14(17-12)22-8-10-5-3-2-4-6-10/h2-6,9,20H,7-8H2,1H3,(H2,16,17,18,19,21)/t9-/m1/s1",CL,19.45,uL.min-1.(10^6cells)-1
119,"InChI=1S/C16H16N2O2S/c1-11-6-8-13(9-7-11)14-4-3-5-15(10-14)21(20)17-12(2)16(19)18-21/h3-10,12H,1-2H3,(H,17,18,19,20)/t12-,21+/m0/s1",CL,19.5,uL.min-1.(10^6cells)-1
120,"InChI=1S/C23H28ClN3O5S/c1-32-21-12-9-17(24)15-20(21)22(28)25-14-13-16-7-10-19(11-8-16)33(30,31)27-23(29)26-18-5-3-2-4-6-18/h7-12,15,18H,2-6,13-14H2,1H3,(H,25,28)(H2,26,27,29)",CL,14.45,uL.min-1.(10^6cells)-1
121,"InChI=1S/C18H17Cl2FN4OS/c1-25-16(14(19)9-23-25)13-7-15(27-17(13)20)18(26)24-12(8-22)6-10-3-2-4-11(21)5-10/h2-5,7,9,12H,6,8,22H2,1H3,(H,24,26)/t12-/m0/s1",CL,7.08,uL.min-1.(10^6cells)-1
122,"InChI=1S/C12H18N2O3S/c1-3-4-9-13-12(15)14-18(16,17)11-7-5-10(2)6-8-11/h5-8H,3-4,9H2,1-2H3,(H2,13,14,15)",CL,6.31,uL.min-1.(10^6cells)-1
123,"InChI=1S/C22H20O4/c23-22(24)14-11-17-9-12-19(13-10-17)25-16-18-5-4-8-21(15-18)26-20-6-2-1-3-7-20/h1-10,12-13,15H,11,14,16H2,(H,23,24)",CL,150.0,uL.min-1.(10^6cells)-1
124,"InChI=1S/C25H27N7O3/c1-15-12-34-9-7-31(15)23-18-4-6-20(17-3-5-21-19(11-17)24(33)27-14-26-21)28-22(18)29-25(30-23)32-8-10-35-13-16(32)2/h3-6,11,14-16H,7-10,12-13H2,1-2H3,(H,26,27,33)/t15-,16-/m0/s1",CL,150.0,uL.min-1.(10^6cells)-1
125,"InChI=1S/C15H11ClN2O2/c16-10-6-7-12-11(8-10)13(9-4-2-1-3-5-9)18-15(20)14(19)17-12/h1-8,15,20H,(H,17,19)",CL,8.51,uL.min-1.(10^6cells)-1
126,"InChI=1S/C27H34N6O4/c1-17-15-36-12-10-32(17)25-20-7-8-22(19-6-9-23(35-5)21(14-19)26(34)31(3)4)28-24(20)29-27(30-25)33-11-13-37-16-18(33)2/h6-9,14,17-18H,10-13,15-16H2,1-5H3/t17-,18-/m0/s1",CL,4.27,uL.min-1.(10^6cells)-1
127,"InChI=1S/C28H33N3O7/c1-34-15-16-37-25-17-20(5-6-23(25)29-26(33)19-30-7-11-35-12-8-30)21-3-2-4-22-24(32)18-27(38-28(21)22)31-9-13-36-14-10-31/h2-6,17-18H,7-16,19H2,1H3,(H,29,33)",CL,43.65,uL.min-1.(10^6cells)-1
128,"InChI=1S/C21H21FN4O3S/c1-26(2)30(28,29)25-20(27)5-3-4-17-18-12-14(13-23)6-11-19(18)24-21(17)15-7-9-16(22)10-8-15/h6-12,24H,3-5H2,1-2H3,(H,25,27)",CL,44.0,uL.min-1.(10^6cells)-1
129,"InChI=1S/C15H15FN4O2S2/c1-8(6-21)17-12-11-13(20-15(22)24-11)19-14(18-12)23-7-9-4-2-3-5-10(9)16/h2-5,8,21H,6-7H2,1H3,(H2,17,18,19,20,22)/t8-/m1/s1",CL,30.12,uL.min-1.(10^6cells)-1
130,"InChI=1S/C24H21N3/c25-24(13-5-14-24)20-11-9-18(10-12-20)22-21(17-6-2-1-3-7-17)23-19(16-27-22)8-4-15-26-23/h1-4,6-12,15-16H,5,13-14,25H2",CL,19.5,uL.min-1.(10^6cells)-1
131,"InChI=1S/C25H26ClN5O5S2/c1-35-20-7-3-6-19-23(20)24(30-38(33,34)22-9-8-21(26)37-22)29-31(19)14-17-5-2-4-16(12-17)13-28-25(32)18-15-36-11-10-27-18/h2-9,12,18,27H,10-11,13-15H2,1H3,(H,28,32)(H,29,30)/t18-/m0/s1",CL,20.0,uL.min-1.(10^6cells)-1
132,"InChI=1S/C25H22N2/c26-25(15-6-16-25)21-13-11-19(12-14-21)24-22(18-7-2-1-3-8-18)17-20-9-4-5-10-23(20)27-24/h1-5,7-14,17H,6,15-16,26H2",CL,13.49,uL.min-1.(10^6cells)-1
133,"InChI=1S/C26H27Cl2N3O3S/c27-20-5-2-6-21(28)18(20)10-12-29-14-17-4-1-3-16(13-17)9-11-30-15-23(33)19-7-8-22(32)24-25(19)35-26(34)31-24/h1-8,13,23,29-30,32-33H,9-12,14-15H2,(H,31,34)/t23-/m0/s1",CL,5.17,uL.min-1.(10^6cells)-1
134,"InChI=1S/C22H25ClN2O4/c1-16-13-24(9-10-25(16)21(26)11-17-5-3-2-4-6-17)14-18-12-19(23)7-8-20(18)29-15-22(27)28/h2-8,12,16H,9-11,13-15H2,1H3,(H,27,28)/t16-/m0/s1",CL,3.0,uL.min-1.(10^6cells)-1
135,"InChI=1S/C24H30N4O3S/c1-16-12-14-20(15-13-16)32(30,31)27-22-21(23(29)25-18(3)24(4,5)6)17(2)26-28(22)19-10-8-7-9-11-19/h7-15,18,27H,1-6H3,(H,25,29)/t18-/m0/s1",CL,6.99,uL.min-1.(10^6cells)-1
136,"InChI=1S/C15H11F3N2O3S2/c16-15(17,18)9-1-3-10(4-2-9)20-25(22,23)11-5-6-13-12(7-11)19-14(8-21)24-13/h1-7,20-21H,8H2",CL,15.49,uL.min-1.(10^6cells)-1
137,"InChI=1S/C13H15N5O2S3/c1-6(3-19)14-10-9-11(18-13(20)23-9)17-12(16-10)22-5-8-4-21-7(2)15-8/h4,6,19H,3,5H2,1-2H3,(H2,14,16,17,18,20)/t6-/m1/s1",CL,3.3,uL.min-1.(10^6cells)-1
138,"InChI=1S/C21H23ClN4O3/c22-17-2-1-15(26-20(29)25-18(27)10-24-26)6-16(17)19(28)23-11-21-7-12-3-13(8-21)5-14(4-12)9-21/h1-2,6,10,12-14H,3-5,7-9,11H2,(H,23,28)(H,25,27,29)",CL,37.0,uL.min-1.(10^6cells)-1
139,"InChI=1S/C18H19N3O2/c19-18(23)21-17(22)16(13-5-2-1-3-6-13)20-15-10-9-12-7-4-8-14(12)11-15/h1-3,5-6,9-11,16,20H,4,7-8H2,(H3,19,21,22,23)",CL,13.8,uL.min-1.(10^6cells)-1
140,"InChI=1S/C15H22O5/c1-8-4-5-11-9(2)12(16)17-13-15(11)10(8)6-7-14(3,18-13)19-20-15/h8-11,13H,4-7H2,1-3H3",CL,18.2,uL.min-1.(10^6cells)-1
141,"InChI=1S/C30H35N3O7/c1-30(18-38-19-30)20-39-26-15-21(5-6-24(26)31-27(35)17-32-7-11-36-12-8-32)22-3-2-4-23-25(34)16-28(40-29(22)23)33-9-13-37-14-10-33/h2-6,15-16H,7-14,17-20H2,1H3,(H,31,35)",CL,95.5,uL.min-1.(10^6cells)-1
142,"InChI=1S/C35H34ClN7O3S2/c1-35(2,3)30-19-32(43(41-30)23-12-14-27(45)26(36)18-23)38-34(46)37-20-22-8-4-6-10-28(22)48-24-13-15-31-39-40-33(42(31)21-24)25-9-5-7-11-29(25)47-17-16-44/h4-15,18-19,21,44-45H,16-17,20H2,1-3H3,(H2,37,38,46)",CL,25.12,uL.min-1.(10^6cells)-1
143,"InChI=1S/C15H15NO3/c1-10-3-5-11(6-4-10)15(19)13-8-7-12(16(13)2)9-14(17)18/h3-8H,9H2,1-2H3,(H,17,18)",CL,9.12,uL.min-1.(10^6cells)-1
144,"InChI=1S/C24H21N3/c25-24(12-4-13-24)20-9-7-18(8-10-20)23-22(17-5-2-1-3-6-17)21-11-14-26-15-19(21)16-27-23/h1-3,5-11,14-16H,4,12-13,25H2",CL,150.0,uL.min-1.(10^6cells)-1
145,"InChI=1S/C14H11NO3/c1-2-17-10-4-6-12-14(8-10)18-13-7-9(16)3-5-11(13)15-12/h3-8H,2H2,1H3",CL,150.0,uL.min-1.(10^6cells)-1
146,"InChI=1S/C17H11ClF5N3O2/c18-11-6-9(17(21,22)23)7-25-15(11)26-8-10(4-5-24)28-16(27)14-12(19)2-1-3-13(14)20/h1-3,6-7,10H,4,8H2,(H,25,26)",CL,150.0,uL.min-1.(10^6cells)-1
147,"InChI=1S/C22H23NO5/c1-6-27-22(26)19-13(4)23-12(3)18(14(5)24)20(19)16-9-7-8-15-17(25)10-11(2)28-21(15)16/h7-10,20,23H,6H2,1-5H3/t20-/m1/s1",CL,45.71,uL.min-1.(10^6cells)-1
148,"InChI=1S/C27H27F3N2O4/c1-3-32(26(35)31-16-18-7-5-4-6-8-18)17-20-15-21(27(28,29)30)10-11-22(20)23-13-19(14-25(33)34)9-12-24(23)36-2/h4-13,15H,3,14,16-17H2,1-2H3,(H,31,35)(H,33,34)",CL,25.12,uL.min-1.(10^6cells)-1
149,"InChI=1S/C21H21FN2O4S/c22-14-5-8-16(9-6-14)29(27,28)23-15-7-10-20-18(13-15)17-3-1-2-4-19(17)24(20)12-11-21(25)26/h1-6,8-9,15,23H,7,10-13H2,(H,25,26)/t15-/m1/s1",CL,3.81,uL.min-1.(10^6cells)-1
150,"InChI=1S/C25H30Cl2N2O3/c26-23-5-4-22(16-24(23)27)32-21-8-10-28(11-9-21)17-18-6-12-29(13-7-18)20-3-1-2-19(14-20)15-25(30)31/h1-5,14,16,18,21H,6-13,15,17H2,(H,30,31)",CL,3.0,uL.min-1.(10^6cells)-1
151,"InChI=1S/C19H17N5O/c1-13-6-7-15(25-2)11-16(13)22-19-21-12-14-8-10-24(18(14)23-19)17-5-3-4-9-20-17/h3-12H,1-2H3,(H,21,22,23)",CL,102.33,uL.min-1.(10^6cells)-1
152,"InChI=1S/C19H27ClN2O3S/c1-14-17(20)10-5-11-18(14)26(24,25)22-12-6-7-15(13-22)19(23)21-16-8-3-2-4-9-16/h5,10-11,15-16H,2-4,6-9,12-13H2,1H3,(H,21,23)/t15-/m0/s1",CL,18.62,uL.min-1.(10^6cells)-1
153,"InChI=1S/C25H31F3O5S/c1-5-20(31)33-25(21(32)34-12-26)13(2)8-15-16-10-18(27)17-9-14(29)6-7-22(17,3)24(16,28)19(30)11-23(15,25)4/h6-7,9,13,15-16,18-19,30H,5,8,10-12H2,1-4H3/t13-,15+,16+,18+,19+,22+,23+,24+,25+/m1/s1",CL,150.0,uL.min-1.(10^6cells)-1
154,InChI=1S/C2H6/c1-2/h1-2H3,CL,150.0,uL.min-1.(10^6cells)-1
155,"InChI=1S/C26H29N3O6/c1-17-22(25(30)34-4)24(20-11-8-12-21(15-20)29(32)33)23(18(2)27-17)26(31)35-14-13-28(3)16-19-9-6-5-7-10-19/h5-12,15,24,27H,13-14,16H2,1-4H3",CL,150.0,uL.min-1.(10^6cells)-1
156,"InChI=1S/C22H23ClF3N3O3/c1-3-28(4-2)9-10-29-17-12-13(19(27)30)11-15(22(24,25)26)18(17)21(32,20(29)31)14-7-5-6-8-16(14)23/h5-8,11-12,32H,3-4,9-10H2,1-2H3,(H2,27,30)",CL,15.14,uL.min-1.(10^6cells)-1
157,"InChI=1S/C14H9NO2/c15-9-10-3-1-4-11(7-10)12-5-2-6-13(8-12)14(16)17/h1-8H,(H,16,17)",CL,8.13,uL.min-1.(10^6cells)-1
158,"InChI=1S/C26H24F7N3O/c27-23-15-21(24(37,25(28,29)30)26(31,32)33)5-6-22(23)20-3-1-18(2-4-20)16-35-11-13-36(14-12-35)17-19-7-9-34-10-8-19/h1-10,15,37H,11-14,16-17H2",CL,8.71,uL.min-1.(10^6cells)-1
159,"InChI=1S/C7H4ClNO2/c8-4-1-2-6-5(3-4)9-7(10)11-6/h1-3H,(H,9,10)",CL,10.96,uL.min-1.(10^6cells)-1
160,"InChI=1S/C17H19N3O4S/c1-10-16(12(3)23-19-10)15-7-5-14(6-8-15)9-18-25(21,22)17-11(2)20-24-13(17)4/h5-8,18H,9H2,1-4H3",CL,19.05,uL.min-1.(10^6cells)-1
161,"InChI=1S/C14H9Cl2N3S/c15-10-2-1-9(7-11(10)16)12-13(20-14(17)19-12)8-3-5-18-6-4-8/h1-7H,(H2,17,19)",CL,19.05,uL.min-1.(10^6cells)-1
162,"InChI=1S/C27H29N5O4S/c1-2-31(21-9-5-3-6-10-21)27(33)24-17-29-32(22-11-7-4-8-12-22)26(24)30-37(34,35)23-15-13-20(14-16-23)25-18-28-19-36-25/h4,7-8,11-19,21,30H,2-3,5-6,9-10H2,1H3",CL,9.5,uL.min-1.(10^6cells)-1
163,"InChI=1S/C28H27Cl2FN2O6S/c1-28(2,3)32-27(36)17-6-8-23(39-24-14-21(31)18(11-19(24)29)13-26(34)35)22(12-17)33-40(37,38)25-9-7-16(10-20(25)30)15-4-5-15/h6-12,14-15,33H,4-5,13H2,1-3H3,(H,32,36)(H,34,35)",CL,6.0,uL.min-1.(10^6cells)-1
164,"InChI=1S/C19H21N3O5/c1-9(2)26-19(24)15-11(4)20-10(3)14(18(23)25-5)16(15)12-7-6-8-13-17(12)22-27-21-13/h6-9,16,20H,1-5H3/t16-/m1/s1",CL,125.89,uL.min-1.(10^6cells)-1
165,"InChI=1S/C13H17FN2/c14-11-5-6-13-12(8-11)10(9-16-13)4-2-1-3-7-15/h5-6,8-9,16H,1-4,7,15H2",CL,74.13,uL.min-1.(10^6cells)-1
166,"InChI=1S/C18H24N4O4/c1-4-19-18(23)26-13-5-7-22(8-6-13)17-14-10-16(25-3)15(24-2)9-12(14)11-20-21-17/h9-11,13H,4-8H2,1-3H3,(H,19,23)",CL,64.57,uL.min-1.(10^6cells)-1
167,"InChI=1S/C24H29N5O4S2/c1-35(32,33)16-6-7-19-20(14-16)34-23(26-19)29-12-10-28(11-13-29)22(31)18-5-3-2-4-17(18)21(30)27-24(15-25)8-9-24/h6-7,14,17-18H,2-5,8-13H2,1H3,(H,27,30)/t17-,18-/m1/s1",CL,3.0,uL.min-1.(10^6cells)-1
168,"InChI=1S/C16H12ClN3/c17-16-19-14(11-7-3-1-4-8-11)13(18)15(20-16)12-9-5-2-6-10-12/h1-10H,18H2",CL,46.77,uL.min-1.(10^6cells)-1
169,"InChI=1S/C22H29N5O3S/c23-14-22(6-7-22)25-19(28)15-3-1-2-4-16(15)20(29)26-8-10-27(11-9-26)21-24-17-5-12-30-13-18(17)31-21/h15-16H,1-13H2,(H,25,28)/t15-,16-/m1/s1",CL,3.0,uL.min-1.(10^6cells)-1
170,"InChI=1S/C23H30F3N3O2S/c1-3-32(30,31)16-6-9-21-10-13-22(14-11-21,15-12-21)20-28-27-19(29(20)2)17-7-4-5-8-18(17)23(24,25)26/h4-5,7-8H,3,6,9-16H2,1-2H3",CL,3.0,uL.min-1.(10^6cells)-1
171,"InChI=1S/C20H20N6O3S/c21-19-18(20(27)24-15-4-3-9-22-12-15)25-17(13-23-19)14-5-7-16(8-6-14)30(28,29)26-10-1-2-11-26/h3-9,12-13H,1-2,10-11H2,(H2,21,23)(H,24,27)",CL,3.0,uL.min-1.(10^6cells)-1
172,"InChI=1S/C27H31Cl2N3O3/c28-24-6-5-23(16-25(24)29)35-22-9-11-31(12-10-22)18-21-7-13-32(14-8-21)26(27(33)34)15-19-1-3-20(17-30)4-2-19/h1-6,16,21-22,26H,7-15,18H2,(H,33,34)/t26-/m0/s1",CL,3.0,uL.min-1.(10^6cells)-1
173,"InChI=1S/C18H21ClN4O4/c19-14-6-5-12(23-17(26)22-15(24)10-21-23)9-13(14)16(25)20-11-18(27)7-3-1-2-4-8-18/h5-6,9-10,27H,1-4,7-8,11H2,(H,20,25)(H,22,24,26)",CL,3.0,uL.min-1.(10^6cells)-1
174,"InChI=1S/C21H22N4O3/c1-5-28-21-18-17(14-7-6-13(9-22)8-15(14)27-4)16(20(23)26)12(3)25-19(18)11(2)10-24-21/h6-8,10,17,25H,5H2,1-4H3,(H2,23,26)/t17-/m1/s1",CL,4.68,uL.min-1.(10^6cells)-1
175,"InChI=1S/C20H25NO2S2/c1-15(13-24-19-9-5-3-7-17(19)22-2)11-21-16-12-23-18-8-4-6-10-20(18)25-14-16/h3-10,15-16,21H,11-14H2,1-2H3/t15-,16+/m0/s1",CL,51.29,uL.min-1.(10^6cells)-1
176,"InChI=1S/C23H24ClN3O2/c1-2-27(20-9-7-19(8-10-20)26-15-13-25-14-16-26)23(28)22-12-11-21(29-22)17-3-5-18(24)6-4-17/h3-12,25H,2,13-16H2,1H3",CL,3.0,uL.min-1.(10^6cells)-1
177,"InChI=1S/C18H15F3N2O2S/c1-12-3-5-13(6-4-12)16-11-17(18(19,20)21)22-23(16)14-7-9-15(10-8-14)26(2,24)25/h3-11H,1-2H3",CL,17.38,uL.min-1.(10^6cells)-1
178,"InChI=1S/C15H15F2N5OS/c1-8(6-23)19-13-10-5-18-22-14(10)21-15(20-13)24-7-9-3-2-4-11(16)12(9)17/h2-5,8,23H,6-7H2,1H3,(H2,18,19,20,21,22)/t8-/m1/s1",CL,17.78,uL.min-1.(10^6cells)-1
179,"InChI=1S/C25H27N3O6/c29-21-15-24(28-8-12-33-13-9-28)34-25-18(2-1-3-19(21)25)17-4-5-20(22(30)14-17)26-23(31)16-27-6-10-32-11-7-27/h1-5,14-15,30H,6-13,16H2,(H,26,31)",CL,18.62,uL.min-1.(10^6cells)-1
180,"InChI=1S/C26H30N2O4S2/c29-22-10-9-21(25-24(22)28-26(31)34-25)23(30)17-27-12-4-15-33-16-14-32-13-11-19-7-3-6-18-5-1-2-8-20(18)19/h1-3,5-10,23,27,29-30H,4,11-17H2,(H,28,31)/t23-/m0/s1",CL,14.78,uL.min-1.(10^6cells)-1
181,"InChI=1S/C14H11Cl2NO2/c15-10-5-3-6-11(16)14(10)17-12-7-2-1-4-9(12)8-13(18)19/h1-7,17H,8H2,(H,18,19)",CL,87.1,uL.min-1.(10^6cells)-1
182,"InChI=1S/C22H26N6O2S/c23-14-22(6-7-22)26-19(29)15-3-1-2-4-16(15)20(30)27-9-11-28(12-10-27)21-25-17-5-8-24-13-18(17)31-21/h5,8,13,15-16H,1-4,6-7,9-12H2,(H,26,29)/t15-,16-/m1/s1",CL,4.9,uL.min-1.(10^6cells)-1
183,"InChI=1S/C22H20N4/c23-22(11-4-12-22)18-9-7-16(8-10-18)20-21(17-5-2-1-3-6-17)26-14-13-24-19(26)15-25-20/h1-3,5-10,13-15H,4,11-12,23H2",CL,3.0,uL.min-1.(10^6cells)-1
184,"InChI=1S/C19H22NO4S2/c1-20(2)12-9-11(10-13(20)17-16(12)24-17)23-18(21)19(22,14-5-3-7-25-14)15-6-4-8-26-15/h3-8,11-13,16-17,22H,9-10H2,1-2H3/q+1/t11-,12-,13+,16-,17+",CL,3.0,uL.min-1.(10^6cells)-1
185,"InChI=1S/C10H11Cl2N3/c1-6-5-13-10(14-6)15-9-7(11)3-2-4-8(9)12/h2-4,6H,5H2,1H3,(H2,13,14,15)",CL,3.0,uL.min-1.(10^6cells)-1
186,"InChI=1S/C26H31Cl2FN2O3/c27-22-6-5-21(16-23(22)28)34-20-9-11-30(12-10-20)17-18-7-13-31(14-8-18)25(26(32)33)15-19-3-1-2-4-24(19)29/h1-6,16,18,20,25H,7-15,17H2,(H,32,33)/t25-/m0/s1",CL,3.0,uL.min-1.(10^6cells)-1
187,"InChI=1S/C18H17ClN2O6S2/c1-11-18(29(26,27)13-8-6-12(19)7-9-13)17-14(20-28(2,24)25)4-3-5-15(17)21(11)10-16(22)23/h3-9,20H,10H2,1-2H3,(H,22,23)",CL,3.0,uL.min-1.(10^6cells)-1
188,"InChI=1S/C19H20ClFN2O5S/c20-15-1-6-18(28-13-19(24)25)14(11-15)12-22-7-9-23(10-8-22)29(26,27)17-4-2-16(21)3-5-17/h1-6,11H,7-10,12-13H2,(H,24,25)",CL,3.0,uL.min-1.(10^6cells)-1
189,"InChI=1S/C22H24ClFN2O4/c1-15-12-25(13-17-11-18(23)4-7-20(17)30-14-22(28)29)8-9-26(15)21(27)10-16-2-5-19(24)6-3-16/h2-7,11,15H,8-10,12-14H2,1H3,(H,28,29)/t15-/m0/s1",CL,3.0,uL.min-1.(10^6cells)-1
190,"InChI=1S/C18H17F3O5S/c1-3-27(24,25)13-5-6-14(11(2)8-13)15-9-12(18(19,20)21)4-7-16(15)26-10-17(22)23/h4-9H,3,10H2,1-2H3,(H,22,23)",CL,3.0,uL.min-1.(10^6cells)-1
191,"InChI=1S/C29H27F3N6O/c1-20-5-6-22(16-21(20)8-10-25-18-33-27-4-3-11-34-38(25)27)28(39)35-24-9-7-23(26(17-24)29(30,31)32)19-37-14-12-36(2)13-15-37/h3-7,9,11,16-18H,12-15,19H2,1-2H3,(H,35,39)",CL,3.0,uL.min-1.(10^6cells)-1
192,"InChI=1S/C20H23ClN2O5S/c1-15-12-22(9-10-23(15)29(26,27)18-5-3-2-4-6-18)13-16-11-17(21)7-8-19(16)28-14-20(24)25/h2-8,11,15H,9-10,12-14H2,1H3,(H,24,25)/t15-/m0/s1",CL,3.0,uL.min-1.(10^6cells)-1
193,"InChI=1S/C27H26N10S/c1-35-8-10-36(11-9-35)25-18(12-16-4-2-3-5-19(16)32-25)14-37-26-22(24(28)30-15-31-26)23(34-37)17-6-7-20-21(13-17)38-27(29)33-20/h2-7,12-13,15H,8-11,14H2,1H3,(H2,29,33)(H2,28,30,31)",CL,7.59,uL.min-1.(10^6cells)-1
194,"InChI=1S/C15H12N2O/c16-15(18)17-13-7-3-1-5-11(13)9-10-12-6-2-4-8-14(12)17/h1-10H,(H2,16,18)",CL,5.25,uL.min-1.(10^6cells)-1
195,"InChI=1S/C23H18F4N4O2/c24-19-9-7-15(11-18(19)23(25,26)27)20-12-17(33-31-20)13-29-21(32)5-1-4-16-8-6-14-3-2-10-28-22(14)30-16/h2-3,6-12H,1,4-5,13H2,(H,29,32)",CL,19.95,uL.min-1.(10^6cells)-1
196,"InChI=1S/C21H20ClN5O3/c1-30-18-8-13(14(11-28)12-29)5-6-16(18)25-21-24-9-15(22)20(26-21)17-10-23-19-4-2-3-7-27(17)19/h2-10,14,28-29H,11-12H2,1H3,(H,24,25,26)",CL,19.95,uL.min-1.(10^6cells)-1
197,"InChI=1S/C15H12N2O5S/c18-14-13-10(5-6-23-13)16(15(19)17(14)20)7-9-8-21-11-3-1-2-4-12(11)22-9/h1-6,9,20H,7-8H2",CL,134.9,uL.min-1.(10^6cells)-1
198,"InChI=1S/C18H16N4O/c1-3-17(23)21-14-7-8-16-15(10-14)18(20-11-19-16)22-13-6-4-5-12(2)9-13/h3-11H,1H2,2H3,(H,21,23)(H,19,20,22)",CL,15.49,uL.min-1.(10^6cells)-1
199,"InChI=1S/C21H31N5O2/c27-18-16-21(6-1-2-7-21)17-19(28)26(18)11-4-3-10-24-12-14-25(15-13-24)20-22-8-5-9-23-20/h5,8-9H,1-4,6-7,10-17H2",CL,38.9,uL.min-1.(10^6cells)-1
200,"InChI=1S/C24H22ClN2O7PS/c1-32-20-10-17(8-9-19(20)33-12-21(14-2-3-14)34-35(29,30)31)27-13-26-18-11-22(36-23(18)24(27)28)15-4-6-16(25)7-5-15/h4-11,13-14,21H,2-3,12H2,1H3,(H2,29,30,31)/t21-/m0/s1",CL,12.3,uL.min-1.(10^6cells)-1
201,"InChI=1S/C24H31NO/c1-23-11-9-18(26)14-17(23)5-6-19-21-8-7-20(16-4-3-13-25-15-16)24(21,2)12-10-22(19)23/h3-5,7,13,15,18-19,21-22,26H,6,8-12,14H2,1-2H3/t18-,19-,21-,22-,23-,24+/m0/s1",CL,54.95,uL.min-1.(10^6cells)-1
202,"InChI=1S/C22H27ClN2O/c1-17(2)24-14-12-21(13-15-24)25(20-10-8-19(23)9-11-20)22(26)16-18-6-4-3-5-7-18/h3-11,17,21H,12-16H2,1-2H3",CL,28.18,uL.min-1.(10^6cells)-1
203,"InChI=1S/C21H16ClF3N4O2/c22-16-12-14(8-10-17(16)31-21(23,24)25)20-29-28-18(30-20)6-2-1-5-15-9-7-13-4-3-11-26-19(13)27-15/h3-4,7-12H,1-2,5-6H2",CL,24.55,uL.min-1.(10^6cells)-1
204,"InChI=1S/C17H16Cl2N4O2/c18-13-3-1-2-12(16(13)19)11-22-4-5-23-15(24)10-14(20-17(22)23)21-6-8-25-9-7-21/h1-5,10H,6-9,11H2",CL,24.55,uL.min-1.(10^6cells)-1
205,"InChI=1S/C23H21N3/c24-23(12-4-13-23)19-9-7-18(8-10-19)21-20(17-5-2-1-3-6-17)11-15-26-16-14-25-22(21)26/h1-3,5-11,14-16H,4,12-13,24H2",CL,9.12,uL.min-1.(10^6cells)-1
206,"InChI=1S/C18H10F6N2O2/c19-17(20,21)12-5-1-10(2-6-12)14-9-15(18(22,23)24)25-26(14)13-7-3-11(4-8-13)16(27)28/h1-9H,(H,27,28)",CL,9.33,uL.min-1.(10^6cells)-1
207,"InChI=1S/C18H19N5O2/c1-12-3-8-17(21-20-12)23-9-14(10-23)11-24-16-6-4-15(5-7-16)18-19-13(2)25-22-18/h3-8,14H,9-11H2,1-2H3",CL,26.41,uL.min-1.(10^6cells)-1
208,"InChI=1S/C22H19N3O2S/c1-16-7-9-18(10-8-16)22-15-21(17-5-3-2-4-6-17)24-25(22)19-11-13-20(14-12-19)28(23,26)27/h2-15H,1H3,(H2,23,26,27)",CL,13.49,uL.min-1.(10^6cells)-1
209,"InChI=1S/C22H19F5N2O3/c23-21(24)9-14(10-21)12-29-18(16-3-1-2-4-17(16)20(29)31)19(30)28-11-13-5-7-15(8-6-13)32-22(25,26)27/h1-8,14,18H,9-12H2,(H,28,30)",CL,10.0,uL.min-1.(10^6cells)-1
210,"InChI=1S/C13H10N2S/c14-13-9-5-1-3-7-11(9)16-12-8-4-2-6-10(12)15-13/h1-8H,(H2,14,15)",CL,7.94,uL.min-1.(10^6cells)-1
211,"InChI=1S/C18H17FN8/c1-10(13-5-4-12(19)8-21-13)23-18-15(7-20)22-9-17(25-18)24-16-6-14(26-27-16)11-2-3-11/h4-6,8-11H,2-3H2,1H3,(H3,23,24,25,26,27)/t10-/m0/s1",CL,7.94,uL.min-1.(10^6cells)-1
212,"InChI=1S/C25H22O3/c1-2-23(19-6-4-3-5-7-19)25(21-13-15-22(26)16-14-21)20-11-8-18(9-12-20)10-17-24(27)28/h3-17,26H,2H2,1H3,(H,27,28)/b17-10+,25-23-",CL,54.95,uL.min-1.(10^6cells)-1
213,"InChI=1S/C25H24F3N3O2/c26-25(27,28)23-12-10-21(15-30-23)31-20-9-11-22(29-14-20)19-7-5-18(6-8-19)17-3-1-16(2-4-17)13-24(32)33/h5-12,14-17,31H,1-4,13H2,(H,32,33)/t16-,17-",CL,3.0,uL.min-1.(10^6cells)-1
214,"InChI=1S/C20H18F3NO5S/c1-3-30(27,28)15-7-5-14(6-8-15)29-19-12(2)24(11-18(25)26)17-9-4-13(10-16(17)19)20(21,22)23/h4-10H,3,11H2,1-2H3,(H,25,26)",CL,3.0,uL.min-1.(10^6cells)-1
215,"InChI=1S/C25H34N4O4/c1-17-15-28(18-8-9-21(32-2)22(14-18)33-3)12-13-29(17)24(31)20-7-5-4-6-19(20)23(30)27-25(16-26)10-11-25/h8-9,14,17,19-20H,4-7,10-13,15H2,1-3H3,(H,27,30)/t17-,19-,20-/m1/s1",CL,3.0,uL.min-1.(10^6cells)-1
216,"InChI=1S/C16H10F3NO3/c17-16(18,19)12-4-5-14(23-9-15(21)22)13(7-12)11-3-1-2-10(6-11)8-20/h1-7H,9H2,(H,21,22)",CL,3.0,uL.min-1.(10^6cells)-1
217,"InChI=1S/C22H24Cl2N2O4/c1-15-12-25(13-17-11-19(24)6-7-20(17)30-14-22(28)29)8-9-26(15)21(27)10-16-2-4-18(23)5-3-16/h2-7,11,15H,8-10,12-14H2,1H3,(H,28,29)/t15-/m0/s1",CL,3.0,uL.min-1.(10^6cells)-1
218,"InChI=1S/C22H20N4/c23-22(12-4-13-22)18-9-7-17(8-10-18)20-19(16-5-2-1-3-6-16)11-14-26-21(20)24-15-25-26/h1-3,5-11,14-15H,4,12-13,23H2",CL,3.0,uL.min-1.(10^6cells)-1
219,"InChI=1S/C18H21N5O4/c1-2-3-7-27-17-21-15(19)14-16(22-17)23(18(26)20-14)10-12-6-4-5-11(8-12)9-13(24)25/h4-6,8H,2-3,7,9-10H2,1H3,(H,20,26)(H,24,25)(H2,19,21,22)",CL,3.0,uL.min-1.(10^6cells)-1
220,"InChI=1S/C26H33N5O4/c1-16-14-34-11-9-30(16)25-20-6-7-22(19-5-8-23(33-4)21(13-19)18(3)32)27-24(20)28-26(29-25)31-10-12-35-15-17(31)2/h5-8,13,16-18,32H,9-12,14-15H2,1-4H3/t16-,17-,18?/m0/s1",CL,38.02,uL.min-1.(10^6cells)-1
221,"InChI=1S/C16H14ClFO5S/c1-2-24(21,22)11-4-5-12(14(18)8-11)13-7-10(17)3-6-15(13)23-9-16(19)20/h3-8H,2,9H2,1H3,(H,19,20)",CL,3.0,uL.min-1.(10^6cells)-1
222,"InChI=1S/C22H29ClN4O6/c1-33-13-16(28)12-26-19(29)11-25-27(21(26)31)15-6-7-18(23)17(10-15)20(30)24-14-22(32)8-4-2-3-5-9-22/h6-7,10-11,16,28,32H,2-5,8-9,12-14H2,1H3,(H,24,30)/t16-/m0/s1",CL,3.0,uL.min-1.(10^6cells)-1
223,"InChI=1S/C21H32N4O3S/c1-13(2)25-19(24-29(27,28)17-11-9-14(3)10-12-17)18(15(4)23-25)20(26)22-16(5)21(6,7)8/h9-13,16,24H,1-8H3,(H,22,26)/t16-/m0/s1",CL,3.0,uL.min-1.(10^6cells)-1
224,"InChI=1S/C26H28N6O/c1-17(2)32-10-8-31(9-11-32)16-19-14-28-26(33-19)22-12-18(13-25-23(22)15-29-30-25)20-4-3-5-24-21(20)6-7-27-24/h3-7,12-15,17,27H,8-11,16H2,1-2H3,(H,29,30)",CL,3.0,uL.min-1.(10^6cells)-1
225,"InChI=1S/C14H21N3O3S2/c1-2-7-15-13(18)11-21-14-6-5-12(10-16-14)22(19,20)17-8-3-4-9-17/h5-6,10H,2-4,7-9,11H2,1H3,(H,15,18)",CL,3.0,uL.min-1.(10^6cells)-1
226,"InChI=1S/C22H23ClF3N3O3/c1-3-28(4-2)9-10-29-17-12-13(19(27)30)11-15(22(24,25)26)18(17)21(32,20(29)31)14-7-5-6-8-16(14)23/h5-8,11-12,32H,3-4,9-10H2,1-2H3,(H2,27,30)/t21-/m1/s1",CL,11.48,uL.min-1.(10^6cells)-1
227,"InChI=1S/C17H16N2O5S2/c1-10-4-5-11(16(20)24-3)8-14(10)18-26(22,23)12-6-7-15-13(9-12)17(21)25-19(15)2/h4-9,18H,1-3H3",CL,150.0,uL.min-1.(10^6cells)-1
228,"InChI=1S/C17H24Cl2N4O2/c1-17(2,3)22-16(25)20-4-5-23-9-14(10-23)21-15(24)11-6-12(18)8-13(19)7-11/h6-8,14H,4-5,9-10H2,1-3H3,(H,21,24)(H2,20,22,25)",CL,3.31,uL.min-1.(10^6cells)-1
229,"InChI=1S/C24H23N3/c1-27-16-26-23-21(27)13-12-20(17-6-3-2-4-7-17)22(23)18-8-10-19(11-9-18)24(25)14-5-15-24/h2-4,6-13,16H,5,14-15,25H2,1H3",CL,3.31,uL.min-1.(10^6cells)-1
230,"InChI=1S/C14H12N4/c1-10-5-7-11(8-6-10)12-3-2-4-13(9-12)14-15-17-18-16-14/h2-9H,1H3,(H,15,16,17,18)",CL,52.48,uL.min-1.(10^6cells)-1
231,"InChI=1S/C18H19BrClNO2/c19-16-3-6-18(23-13-14-1-4-17(20)5-2-14)15(11-16)12-21-7-9-22-10-8-21/h1-6,11H,7-10,12-13H2",CL,54.95,uL.min-1.(10^6cells)-1
232,"InChI=1S/C14H13BrN4O/c1-20-11-4-5-16-10(7-11)2-3-13-18-12-6-9(15)8-17-14(12)19-13/h4-8H,2-3H2,1H3,(H,17,18,19)",CL,3.2,uL.min-1.(10^6cells)-1
233,"InChI=1S/C12H9N3O2S/c13-6-8-3-1-2-4-9(8)7-18-12-14-10(16)5-11(17)15-12/h1-5H,7H2,(H2,14,15,16,17)",CL,3.0,uL.min-1.(10^6cells)-1
234,"InChI=1S/C25H28N4O3S/c30-21-8-7-20(24-23(21)29-25(32)33-24)22(31)16-27-12-9-17-4-3-5-18(14-17)15-26-13-10-19-6-1-2-11-28-19/h1-8,11,14,22,26-27,30-31H,9-10,12-13,15-16H2,(H,29,32)/t22-/m0/s1",CL,3.0,uL.min-1.(10^6cells)-1
235,"InChI=1S/C18H14ClN5O3S/c1-12-16(11-20)17(24(22-12)14-5-3-2-4-6-14)21-18(25)23-28(26,27)15-9-7-13(19)8-10-15/h2-10H,1H3,(H2,21,23,25)",CL,3.0,uL.min-1.(10^6cells)-1
236,"InChI=1S/C26H24N4O4S/c1-17-9-11-21(28-25(31)19-6-4-8-22(15-19)30(2)35(3,33)34)16-24(17)29-26(32)20-10-12-23-18(14-20)7-5-13-27-23/h4-16H,1-3H3,(H,28,31)(H,29,32)",CL,3.0,uL.min-1.(10^6cells)-1
237,"InChI=1S/C15H16N4O/c1-10-5-7-17-15-14(10)18-13(19-15)4-3-11-9-12(20-2)6-8-16-11/h5-9H,3-4H2,1-2H3,(H,17,18,19)",CL,3.0,uL.min-1.(10^6cells)-1
238,"InChI=1S/C18H17ClN2O5S/c1-11-18(26-13-8-6-12(19)7-9-13)17-14(20-27(2,24)25)4-3-5-15(17)21(11)10-16(22)23/h3-9,20H,10H2,1-2H3,(H,22,23)",CL,3.0,uL.min-1.(10^6cells)-1
239,"InChI=1S/C24H24ClN7O2/c1-33-21-8-15(31-13-16-9-26-10-17(14-31)34-16)5-6-19(21)29-24-28-11-18(25)23(30-24)20-12-27-22-4-2-3-7-32(20)22/h2-8,11-12,16-17,26H,9-10,13-14H2,1H3,(H,28,29,30)",CL,13.8,uL.min-1.(10^6cells)-1
240,"InChI=1S/C22H28N8O4S/c1-22(2,3)28-35(33,34)17-10-16(11-23-12-17)15-6-7-18-25-20(27-30(18)14-15)26-21(32)24-13-19(31)29-8-4-5-9-29/h6-7,10-12,14,28H,4-5,8-9,13H2,1-3H3,(H2,24,26,27,32)",CL,4.79,uL.min-1.(10^6cells)-1
241,"InChI=1S/C20H31NO4/c1-23-19-8-7-15(13-20(19)24-2)10-12-25-18-6-4-3-5-17(18)21-11-9-16(22)14-21/h7-8,13,16-18,22H,3-6,9-12,14H2,1-2H3/t16-,17-,18-/m1/s1",CL,6.46,uL.min-1.(10^6cells)-1
242,"InChI=1S/C28H24FN3O5/c1-35-24-15-21-22(16-25(24)36-2)30-14-11-23(21)37-20-9-7-19(8-10-20)32-27(34)28(12-13-28)26(33)31-18-5-3-17(29)4-6-18/h3-11,14-16H,12-13H2,1-2H3,(H,31,33)(H,32,34)",CL,6.76,uL.min-1.(10^6cells)-1
243,"InChI=1S/C30H27ClF4N4O4S/c1-18(28-37-27-23(3-2-12-36-27)29(41)39(28)22-7-5-21(31)6-8-22)38(17-19-10-13-44(42,43)14-11-19)26(40)16-20-4-9-24(25(32)15-20)30(33,34)35/h2-9,12,15,18-19H,10-11,13-14,16-17H2,1H3/t18-/m1/s1",CL,5.13,uL.min-1.(10^6cells)-1
244,"InChI=1S/C36H47N5O4/c1-36(2,3)39-35(45)31-24-40(22-26-12-9-15-37-21-26)16-17-41(31)23-29(42)19-28(18-25-10-5-4-6-11-25)34(44)38-33-30-14-8-7-13-27(30)20-32(33)43/h4-15,21,28-29,31-33,42-43H,16-20,22-24H2,1-3H3,(H,38,44)(H,39,45)/t28-,29+,31+,32-,33+/m1/s1",CL,10.23,uL.min-1.(10^6cells)-1
245,"InChI=1S/C27H26N4O5S/c1-16-11-21(37(34,35)20-10-5-7-17(12-20)27(33)31(2)3)14-22-24(16)29-15-23(26(28)32)25(22)30-18-8-6-9-19(13-18)36-4/h5-15H,1-4H3,(H2,28,32)(H,29,30)",CL,20.05,uL.min-1.(10^6cells)-1
246,"InChI=1S/C19H24N2O2/c22-18-13-20(19(23)15-7-2-1-3-8-15)12-17-16-9-5-4-6-14(16)10-11-21(17)18/h4-6,9,15,17H,1-3,7-8,10-13H2",CL,17.38,uL.min-1.(10^6cells)-1
247,"InChI=1S/C25H28N4O3S/c30-21-9-8-20(24-23(21)29-25(32)33-24)22(31)16-27-13-10-17-4-6-18(7-5-17)15-26-14-11-19-3-1-2-12-28-19/h1-9,12,22,26-27,30-31H,10-11,13-16H2,(H,29,32)/t22-/m0/s1",CL,3.0,uL.min-1.(10^6cells)-1
248,"InChI=1S/C6H8ClN7O/c7-2-4(9)13-3(8)1(12-2)5(15)14-6(10)11/h(H4,8,9,13)(H4,10,11,14,15)",CL,3.0,uL.min-1.(10^6cells)-1
249,"InChI=1S/C20H19ClFN5O2/c21-13-1-2-14(15(22)9-13)20-18(16-3-6-23-11-24-16)19(25-26-20)12-4-7-27(8-5-12)17(29)10-28/h1-3,6,9,11-12,28H,4-5,7-8,10H2,(H,25,26)",CL,3.0,uL.min-1.(10^6cells)-1
250,"InChI=1S/C22H22ClN5O2/c1-4-24-20(29)12-18-22-27-26-13(2)28(22)19-10-9-16(30-3)11-17(19)21(25-18)14-5-7-15(23)8-6-14/h5-11,18H,4,12H2,1-3H3,(H,24,29)/t18-/m0/s1",CL,3.0,uL.min-1.(10^6cells)-1
251,"InChI=1S/C20H25N3O5S/c1-27-17-8-4-15(5-9-17)12-13-22-19(16-6-10-18(28-2)11-7-16)14-23(20(22)24)21-29(3,25)26/h4-11,19,21H,12-14H2,1-3H3/t19-/m0/s1",CL,21.88,uL.min-1.(10^6cells)-1
252,"InChI=1S/C22H29N3O3S2/c26-18-8-7-17(21-20(18)25-22(28)30-21)19(27)15-24-12-14-29-13-4-10-23-11-9-16-5-2-1-3-6-16/h1-3,5-8,19,23-24,26-27H,4,9-15H2,(H,25,28)/t19-/m0/s1",CL,3.0,uL.min-1.(10^6cells)-1
253,"InChI=1S/C19H24N2O4/c1-13(9-14-3-6-16(25-2)7-4-14)20-11-19(24)15-5-8-18(23)17(10-15)21-12-22/h3-8,10,12-13,19-20,23-24H,9,11H2,1-2H3,(H,21,22)/t13-,19+/m1/s1",CL,3.91,uL.min-1.(10^6cells)-1
254,"InChI=1S/C23H25ClN6O3/c1-25-22(31)16-5-3-4-6-18(16)27-21-17(24)14-26-23(29-21)28-19-8-7-15(13-20(19)32-2)30-9-11-33-12-10-30/h3-8,13-14H,9-12H2,1-2H3,(H,25,31)(H2,26,27,28,29)",CL,16.22,uL.min-1.(10^6cells)-1
255,"InChI=1S/C11H12N2O2S/c1-7(13(15)11(12)14)10-6-8-4-2-3-5-9(8)16-10/h2-7,15H,1H3,(H2,12,14)",CL,7.76,uL.min-1.(10^6cells)-1
256,"InChI=1S/C19H24N2/c1-20(2)14-7-15-21-18-10-5-3-8-16(18)12-13-17-9-4-6-11-19(17)21/h3-6,8-11H,7,12-15H2,1-2H3",CL,5.62,uL.min-1.(10^6cells)-1
257,"InChI=1S/C32H41NO2/c1-31(2,3)26-18-16-25(17-19-26)30(34)15-10-22-33-23-20-29(21-24-33)32(35,27-11-6-4-7-12-27)28-13-8-5-9-14-28/h4-9,11-14,16-19,29-30,34-35H,10,15,20-24H2,1-3H3",CL,34.67,uL.min-1.(10^6cells)-1
258,"InChI=1S/C19H28O2/c1-18-9-7-13(20)11-12(18)3-4-14-15-5-6-17(21)19(15,2)10-8-16(14)18/h11,14-17,21H,3-10H2,1-2H3/t14-,15-,16-,17-,18-,19-/m0/s1",CL,150.0,uL.min-1.(10^6cells)-1
259,"InChI=1S/C13H17N3O/c1-10-12(14(2)3)13(17)16(15(10)4)11-8-6-5-7-9-11/h5-9H,1-4H3",CL,3.47,uL.min-1.(10^6cells)-1
260,"InChI=1S/C15H10ClN3O3/c16-12-4-2-1-3-10(12)15-11-7-9(19(21)22)5-6-13(11)18-14(20)8-17-15/h1-7H,8H2,(H,18,20)",CL,3.72,uL.min-1.(10^6cells)-1
261,"InChI=1S/C33H30N4O2/c1-4-9-30-35-31-21(2)18-24(32-34-27-12-7-8-13-28(27)36(32)3)19-29(31)37(30)20-22-14-16-23(17-15-22)25-10-5-6-11-26(25)33(38)39/h5-8,10-19H,4,9,20H2,1-3H3,(H,38,39)",CL,3.98,uL.min-1.(10^6cells)-1
262,"InChI=1S/C16H15BrO3/c17-14-3-1-2-13(10-14)11-20-15-7-4-12(5-8-15)6-9-16(18)19/h1-5,7-8,10H,6,9,11H2,(H,18,19)",CL,128.82,uL.min-1.(10^6cells)-1
263,"InChI=1S/C15H15F2N5OS2/c1-7(5-23)19-12-11-13(20-14(18)25-11)22-15(21-12)24-6-8-3-2-4-9(16)10(8)17/h2-4,7,23H,5-6H2,1H3,(H3,18,19,20,21,22)/t7-/m1/s1",CL,7.59,uL.min-1.(10^6cells)-1
264,"InChI=1S/C26H25N3O/c1-19-5-2-6-23(17-19)21-12-10-20(11-13-21)18-28-25(30)9-3-8-24-15-14-22-7-4-16-27-26(22)29-24/h2,4-7,10-17H,3,8-9,18H2,1H3,(H,28,30)",CL,60.26,uL.min-1.(10^6cells)-1
265,"InChI=1S/C17H24F3N3O3S/c1-16(2,3)27(25,26)23-13-7-4-11(5-8-13)15(24)22-14-9-6-12(10-21-14)17(18,19)20/h6,9-11,13,23H,4-5,7-8H2,1-3H3,(H,21,22,24)/t11-,13-",CL,5.75,uL.min-1.(10^6cells)-1
266,"InChI=1S/C6H9N3O3/c1-5-7-4-6(9(11)12)8(5)2-3-10/h4,10H,2-3H2,1H3",CL,3.0,uL.min-1.(10^6cells)-1
267,"InChI=1S/C19H23N3O/c1-21(2)13-8-14-23-19-17-11-6-7-12-18(17)22(20-19)15-16-9-4-3-5-10-16/h3-7,9-12H,8,13-15H2,1-2H3",CL,7.76,uL.min-1.(10^6cells)-1
268,"InChI=1S/C25H25ClN6O2/c1-16(33)31-11-8-17(9-12-31)18-6-7-20(22(13-18)34-2)29-25-28-14-19(26)24(30-25)21-15-27-23-5-3-4-10-32(21)23/h3-7,10,13-15,17H,8-9,11-12H2,1-2H3,(H,28,29,30)",CL,23.99,uL.min-1.(10^6cells)-1
269,"InChI=1S/C26H34N6O2/c1-17-15-31(19-8-9-23-22(14-19)18(2)29-30(23)3)12-13-32(17)25(34)21-7-5-4-6-20(21)24(33)28-26(16-27)10-11-26/h8-9,14,17,20-21H,4-7,10-13,15H2,1-3H3,(H,28,33)/t17-,20-,21-/m1/s1",CL,3.0,uL.min-1.(10^6cells)-1
270,"InChI=1S/C32H50FN5O3/c1-22-20-38(21-23(2)34-22)30(41)35-27(19-24-11-13-26(33)14-12-24)28(39)37-17-15-32(16-18-37,25-9-7-6-8-10-25)29(40)36-31(3,4)5/h11-14,22-23,25,27,34H,6-10,15-21H2,1-5H3,(H,35,41)(H,36,40)/t22-,23+,27-/m1/s1",CL,10.72,uL.min-1.(10^6cells)-1
271,"InChI=1S/C24H34N4O5S/c1-4-21-17(3)15-28(22(21)29)24(31)25-14-13-18-7-11-20(12-8-18)34(32,33)27-23(30)26-19-9-5-16(2)6-10-19/h7-8,11-12,16,19H,4-6,9-10,13-15H2,1-3H3,(H,25,31)(H2,26,27,30)/t16-,19-",CL,23.2,uL.min-1.(10^6cells)-1
272,"InChI=1S/C19H27N3O5S2/c1-22(13-12-16-4-6-17(7-5-16)20-28(2,23)24)14-15-27-19-10-8-18(9-11-19)21-29(3,25)26/h4-11,20-21H,12-15H2,1-3H3",CL,4.68,uL.min-1.(10^6cells)-1
273,"InChI=1S/C18H17ClN2O4S2/c1-11-18(26-13-8-6-12(19)7-9-13)17-14(20-27(2,24)25)4-3-5-15(17)21(11)10-16(22)23/h3-9,20H,10H2,1-2H3,(H,22,23)",CL,4.76,uL.min-1.(10^6cells)-1
274,"InChI=1S/C21H20N4O2/c1-27-20-14(9-4-10-23-20)13-7-3-8-15-18(22)17-16(24-19(13)15)11-25(21(17)26)12-5-2-6-12/h3-4,7-10,12H,2,5-6,11H2,1H3,(H2,22,24)",CL,4.88,uL.min-1.(10^6cells)-1
275,"InChI=1S/C14H17N3O2S/c18-20(19,17-9-2-6-15-8-10-17)14-4-1-3-12-11-16-7-5-13(12)14/h1,3-5,7,11,15H,2,6,8-10H2",CL,150.0,uL.min-1.(10^6cells)-1
276,"InChI=1S/C29H32O7S/c1-19-12-25(34-10-5-11-37(3,32)33)13-20(2)29(19)22-7-4-6-21(14-22)17-35-24-8-9-26-23(15-28(30)31)18-36-27(26)16-24/h4,6-9,12-14,16,23H,5,10-11,15,17-18H2,1-3H3,(H,30,31)/t23-/m1/s1",CL,5.25,uL.min-1.(10^6cells)-1
277,"InChI=1S/C18H12Cl2FN5O3S2/c19-9-1-2-14(10(3-9)11-6-24-25-18(11)22)29-15-5-13(21)16(4-12(15)20)31(27,28)26-17-7-30-8-23-17/h1-8,26H,(H3,22,24,25)",CL,5.62,uL.min-1.(10^6cells)-1
278,"InChI=1S/C12H11ClN2O5S/c13-9-5-10(15-6-7-2-1-3-20-7)8(12(16)17)4-11(9)21(14,18)19/h1-5,15H,6H2,(H,16,17)(H2,14,18,19)",CL,3.0,uL.min-1.(10^6cells)-1
279,"InChI=1S/C15H10Cl2N2O2/c16-8-5-6-12-10(7-8)13(19-15(21)14(20)18-12)9-3-1-2-4-11(9)17/h1-7,15,21H,(H,18,20)",CL,4.57,uL.min-1.(10^6cells)-1
280,"InChI=1S/C12H9F3N2O2/c1-7-10(6-16-19-7)11(18)17-9-4-2-8(3-5-9)12(13,14)15/h2-6H,1H3,(H,17,18)",CL,3.0,uL.min-1.(10^6cells)-1
281,"InChI=1S/C11H10O3/c1-2-13-9-5-3-8-4-6-11(12)14-10(8)7-9/h3-7H,2H2,1H3",CL,35.48,uL.min-1.(10^6cells)-1
282,"InChI=1S/C25H27ClN6O3/c1-4-23(33)28-17-6-5-7-19(14-17)35-24-20(26)16-27-25(30-24)29-21-9-8-18(15-22(21)34-3)32-12-10-31(2)11-13-32/h4-9,14-16H,1,10-13H2,2-3H3,(H,28,33)(H,27,29,30)",CL,3.31,uL.min-1.(10^6cells)-1
283,"InChI=1S/C18H22N2/c1-19-13-6-14-20-17-9-4-2-7-15(17)11-12-16-8-3-5-10-18(16)20/h2-5,7-10,19H,6,11-14H2,1H3",CL,6.92,uL.min-1.(10^6cells)-1
284,"InChI=1S/C12H12N2O3/c1-3-14-6-9(12(16)17)10(15)8-5-4-7(2)13-11(8)14/h4-6H,3H2,1-2H3,(H,16,17)",CL,3.46,uL.min-1.(10^6cells)-1
285,"InChI=1S/C9H15NO3S/c1-6(5-14)8(11)10-4-2-3-7(10)9(12)13/h6-7,14H,2-5H2,1H3,(H,12,13)/t6-,7+/m1/s1",CL,57.11,uL.min-1.(10^6cells)-1
286,"InChI=1S/C21H32Cl2N4O3/c1-20(2,3)26-19(30)24-6-9-27-7-4-21(14-28,5-8-27)13-25-18(29)15-10-16(22)12-17(23)11-15/h10-12,28H,4-9,13-14H2,1-3H3,(H,25,29)(H2,24,26,30)",CL,7.08,uL.min-1.(10^6cells)-1
287,"InChI=1S/C51H79NO13/c1-30-16-12-11-13-17-31(2)42(61-8)28-38-21-19-36(7)51(60,65-38)48(57)49(58)52-23-15-14-18-39(52)50(59)64-43(33(4)26-37-20-22-40(53)44(27-37)62-9)29-41(54)32(3)25-35(6)46(56)47(63-10)45(55)34(5)24-30/h11-13,16-17,25,30,32-34,36-40,42-44,46-47,53,56,60H,14-15,18-24,26-29H2,1-10H3/b13-11+,16-12+,31-17+,35-25+/t30-,32-,33-,34-,36-,37+,38+,39+,40-,42+,43+,44-,46-,47+,51-/m1/s1",CL,50.12,uL.min-1.(10^6cells)-1
288,"InChI=1S/C24H25ClN4O5S2/c1-24(2,31)23(30)26-13-15-6-4-7-16(12-15)14-29-17-8-5-9-18(34-3)21(17)22(27-29)28-36(32,33)20-11-10-19(25)35-20/h4-12,31H,13-14H2,1-3H3,(H,26,30)(H,27,28)",CL,40.0,uL.min-1.(10^6cells)-1
289,"InChI=1S/C11H10N2O3/c1-16-8-4-2-7(3-5-8)6-9-10(14)13-11(15)12-9/h2-6H,1H3,(H2,12,13,14,15)/b9-6-",CL,39.81,uL.min-1.(10^6cells)-1
290,"InChI=1S/C24H31N3O3/c1-16(2)20-11-21(23(29)12-22(20)28)24(30)27-14-18-5-4-17(10-19(18)15-27)13-26-8-6-25(3)7-9-26/h4-5,10-12,16,28-29H,6-9,13-15H2,1-3H3",CL,23.44,uL.min-1.(10^6cells)-1
291,"InChI=1S/C18H22N4O2S2/c1-11(2)8-13(9-23)19-15-14-16(22-18(24)26-14)21-17(20-15)25-10-12-6-4-3-5-7-12/h3-7,11,13,23H,8-10H2,1-2H3,(H2,19,20,21,22,24)/t13-/m1/s1",CL,13.49,uL.min-1.(10^6cells)-1
292,"InChI=1S/C13H18ClNO/c1-9(15-13(2,3)4)12(16)10-6-5-7-11(14)8-10/h5-9,15H,1-4H3",CL,16.98,uL.min-1.(10^6cells)-1
293,"InChI=1S/C26H21F3O3/c1-2-4-21(16-25(30)31)20-9-13-24(14-10-20)32-17-18-5-3-6-22(15-18)19-7-11-23(12-8-19)26(27,28)29/h3,5-15,21H,16-17H2,1H3,(H,30,31)/t21-/m0/s1",CL,15.49,uL.min-1.(10^6cells)-1
294,"InChI=1S/C23H41N5O2/c1-22(2,3)26-21(30)24-4-5-27-6-8-28(9-7-27)16-20(29)25-23-13-17-10-18(14-23)12-19(11-17)15-23/h17-19H,4-16H2,1-3H3,(H,25,29)(H2,24,26,30)",CL,33.88,uL.min-1.(10^6cells)-1
295,"InChI=1S/C13H9FN2S/c14-8-4-3-7-11-12(8)13(15)16-9-5-1-2-6-10(9)17-11/h1-7H,(H2,15,16)",CL,13.18,uL.min-1.(10^6cells)-1
296,"InChI=1S/C16H15N3/c1-12-15(13-8-4-2-5-9-13)16(17)19(18-12)14-10-6-3-7-11-14/h2-11H,17H2,1H3",CL,32.36,uL.min-1.(10^6cells)-1
297,"InChI=1S/C10H11NO2/c1-3-10(12)11-8-4-6-9(13-2)7-5-8/h3-7H,1H2,2H3,(H,11,12)",CL,10.72,uL.min-1.(10^6cells)-1
298,"InChI=1S/C21H26N4O3/c1-3-26-21-18-6-5-17(14-19(18)28-24-21)27-13-10-16-8-11-25(12-9-16)20-7-4-15(2)22-23-20/h4-7,14,16H,3,8-13H2,1-2H3",CL,29.51,uL.min-1.(10^6cells)-1
299,"InChI=1S/C15H23NO2/c1-4-7-13-8-5-6-9-15(13)18-11-14(17)10-16-12(2)3/h4-6,8-9,12,14,16-17H,1,7,10-11H2,2-3H3",CL,13.18,uL.min-1.(10^6cells)-1
300,"InChI=1S/C16H16ClN3O3S/c1-10-8-11-4-2-3-5-14(11)20(10)19-16(21)12-6-7-13(17)15(9-12)24(18,22)23/h2-7,9-10H,8H2,1H3,(H,19,21)(H2,18,22,23)",CL,4.9,uL.min-1.(10^6cells)-1
301,"InChI=1S/C11H12N2O/c1-9-8-11(14)13(12(9)2)10-6-4-3-5-7-10/h3-8H,1-2H3",CL,4.47,uL.min-1.(10^6cells)-1
302,"InChI=1S/C22H20N4/c23-22(11-4-12-22)18-9-7-17(8-10-18)21-19(16-5-2-1-3-6-16)15-20-24-13-14-26(20)25-21/h1-3,5-10,13-15H,4,11-12,23H2",CL,7.76,uL.min-1.(10^6cells)-1
303,"InChI=1S/C27H29N5O6S/c1-27(2,3)18-10-12-19(13-11-18)39(34,35)32-23-22(38-21-9-6-5-8-20(21)36-4)26(37-17-16-33)31-25(30-23)24-28-14-7-15-29-24/h5-15,33H,16-17H2,1-4H3,(H,30,31,32)",CL,4.79,uL.min-1.(10^6cells)-1
304,"InChI=1S/C23H21N5O3/c1-12-21(14(3)31-27-12)16-9-18-15(10-20(16)30-4)22-19(11-25-18)26-23(29)28(22)13(2)17-7-5-6-8-24-17/h5-11,13H,1-4H3,(H,26,29)/t13-/m1/s1",CL,3.24,uL.min-1.(10^6cells)-1
305,"InChI=1S/C23H21N3/c24-23(14-6-15-23)19-12-10-17(11-13-19)21-22(18-7-2-1-3-8-18)26-16-5-4-9-20(26)25-21/h1-5,7-13,16H,6,14-15,24H2",CL,18.2,uL.min-1.(10^6cells)-1
306,"InChI=1S/C26H24F3NO3/c1-17(18-2-4-19(5-3-18)23-11-10-22(28)16-24(23)29)30-14-12-26(13-15-31,33-25(30)32)20-6-8-21(27)9-7-20/h2-11,16-17,31H,12-15H2,1H3/t17-,26-/m0/s1",CL,3.72,uL.min-1.(10^6cells)-1
307,"InChI=1S/C10H13N3/c11-10(12)13-6-5-8-3-1-2-4-9(8)7-13/h1-4H,5-7H2,(H3,11,12)",CL,3.98,uL.min-1.(10^6cells)-1
308,"InChI=1S/C29H35N3O6/c1-20(2)19-37-26-16-21(6-7-24(26)30-27(34)18-31-8-12-35-13-9-31)22-4-3-5-23-25(33)17-28(38-29(22)23)32-10-14-36-15-11-32/h3-7,16-17,20H,8-15,18-19H2,1-2H3,(H,30,34)",CL,150.0,uL.min-1.(10^6cells)-1
309,"InChI=1S/C22H26N6O2S/c23-14-22(6-7-22)26-19(29)15-3-1-2-4-16(15)20(30)27-9-11-28(12-10-27)21-25-17-13-24-8-5-18(17)31-21/h5,8,13,15-16H,1-4,6-7,9-12H2,(H,26,29)/t15-,16-/m1/s1",CL,3.0,uL.min-1.(10^6cells)-1
310,"InChI=1S/C15H14ClNO3/c1-9-7-12(8-13(18)19)17(2)14(9)15(20)10-3-5-11(16)6-4-10/h3-7H,8H2,1-2H3,(H,18,19)",CL,3.0,uL.min-1.(10^6cells)-1
311,"InChI=1S/C20H24N2O2/c1-3-13-12-22-9-7-14(13)10-19(22)20(23)16-6-8-21-18-5-4-15(24-2)11-17(16)18/h3-6,8,11,13-14,19-20,23H,1,7,9-10,12H2,2H3/t13-,14-,19+,20-/m0/s1",CL,6.17,uL.min-1.(10^6cells)-1
312,"InChI=1S/C23H18ClF2N3O3S/c1-2-9-33(31,32)29-19-8-7-18(25)20(21(19)26)22(30)17-12-28-23-16(17)10-14(11-27-23)13-3-5-15(24)6-4-13/h3-8,10-12,29H,2,9H2,1H3,(H,27,28)",CL,6.61,uL.min-1.(10^6cells)-1
313,"InChI=1S/C9H12ClN5O/c1-5-13-7(10)6(8(14-5)16-2)15-9-11-3-4-12-9/h3-4H2,1-2H3,(H2,11,12,15)",CL,3.0,uL.min-1.(10^6cells)-1
314,"InChI=1S/C13H16N2O/c1-2-13(12-14-7-8-15-12)9-10-5-3-4-6-11(10)16-13/h3-6H,2,7-9H2,1H3,(H,14,15)",CL,3.0,uL.min-1.(10^6cells)-1
315,"InChI=1S/C21H20ClN3O2/c22-16-3-1-15(2-4-16)19-9-10-20(27-19)21(26)24-17-5-7-18(8-6-17)25-13-11-23-12-14-25/h1-10,23H,11-14H2,(H,24,26)",CL,3.0,uL.min-1.(10^6cells)-1
316,"InChI=1S/C16H16N2O3S/c1-9(2)8-21-13-5-4-11(6-12(13)7-17)15-18-10(3)14(22-15)16(19)20/h4-6,9H,8H2,1-3H3,(H,19,20)",CL,7.0,uL.min-1.(10^6cells)-1
317,"InChI=1S/C18H19ClN4/c1-22-8-10-23(11-9-22)18-14-4-2-3-5-15(14)20-16-7-6-13(19)12-17(16)21-18/h2-7,12,20H,8-11H2,1H3",CL,6.76,uL.min-1.(10^6cells)-1
318,"InChI=1S/C9H6O3/c10-7-3-1-6-2-4-9(11)12-8(6)5-7/h1-5,10H",CL,123.03,uL.min-1.(10^6cells)-1
319,"InChI=1S/C29H33ClN2O2/c1-31(2)27(33)29(24-9-5-3-6-10-24,25-11-7-4-8-12-25)19-22-32-20-17-28(34,18-21-32)23-13-15-26(30)16-14-23/h3-16,34H,17-22H2,1-2H3",CL,13.8,uL.min-1.(10^6cells)-1
320,"InChI=1S/C17H18N2O6/c1-9-13(16(20)24-3)15(14(10(2)18-9)17(21)25-4)11-7-5-6-8-12(11)19(22)23/h5-8,15,18H,1-4H3",CL,22.39,uL.min-1.(10^6cells)-1
321,"InChI=1S/C10H15NO3/c1-13-7-3-4-10(14-2)8(5-7)9(12)6-11/h3-5,9,12H,6,11H2,1-2H3",CL,3.0,uL.min-1.(10^6cells)-1
322,"InChI=1S/C12H18N2O4/c1-17-8-3-4-11(18-2)9(5-8)10(15)7-14-12(16)6-13/h3-5,10,15H,6-7,13H2,1-2H3,(H,14,16)",CL,3.0,uL.min-1.(10^6cells)-1
323,"InChI=1S/C23H21N3/c24-23(13-5-14-23)19-11-9-17(10-12-19)21-22(18-6-2-1-3-7-18)26-15-4-8-20(26)16-25-21/h1-4,6-12,15-16H,5,13-14,24H2",CL,3.0,uL.min-1.(10^6cells)-1
324,"InChI=1S/C29H35NO2/c1-5-15-29(32)16-14-26-24-12-8-20-17-22(31)11-13-23(20)27(24)25(18-28(26,29)2)19-6-9-21(10-7-19)30(3)4/h6-7,9-10,17,24-26,32H,8,11-14,16,18H2,1-4H3/t24-,25+,26-,28-,29-/m0/s1",CL,26.92,uL.min-1.(10^6cells)-1
325,"InChI=1S/C13H14N2/c14-13-9-5-1-3-7-11(9)15-12-8-4-2-6-10(12)13/h1,3,5,7H,2,4,6,8H2,(H2,14,15)",CL,13.8,uL.min-1.(10^6cells)-1
326,"InChI=1S/C17H11N5/c18-9-13-1-5-15(6-2-13)17(22-12-20-11-21-22)16-7-3-14(10-19)4-8-16/h1-8,11-12,17H",CL,3.0,uL.min-1.(10^6cells)-1
327,"InChI=1S/C17H12F9NO3S/c18-14(19,20)10-27(31(29,30)13-4-2-1-3-5-13)12-8-6-11(7-9-12)15(28,16(21,22)23)17(24,25)26/h1-9,28H,10H2",CL,5.37,uL.min-1.(10^6cells)-1
328,"InChI=1S/C27H34N6O2/c1-17-15-32(20-8-9-21-18(2)30-31-19(3)24(21)14-20)12-13-33(17)26(35)23-7-5-4-6-22(23)25(34)29-27(16-28)10-11-27/h8-9,14,17,22-23H,4-7,10-13,15H2,1-3H3,(H,29,34)/t17-,22-,23-/m1/s1",CL,3.0,uL.min-1.(10^6cells)-1
329,"InChI=1S/C16H14O3/c1-11(16(18)19)13-8-5-9-14(10-13)15(17)12-6-3-2-4-7-12/h2-11H,1H3,(H,18,19)",CL,3.0,uL.min-1.(10^6cells)-1
330,"InChI=1S/C28H30N2O2/c29-27(31)28(23-7-3-1-4-8-23,24-9-5-2-6-10-24)25-14-17-30(20-25)16-13-21-11-12-26-22(19-21)15-18-32-26/h1-12,19,25H,13-18,20H2,(H2,29,31)/t25-/m1/s1",CL,5.05,uL.min-1.(10^6cells)-1
331,"InChI=1S/C25H27N9O8S2/c1-3-32-8-9-33(21(39)20(32)38)24(42)27-15(12-4-6-14(35)7-5-12)18(36)26-16-19(37)34-17(23(40)41)13(10-43-22(16)34)11-44-25-28-29-30-31(25)2/h4-7,15-16,22,35H,3,8-11H2,1-2H3,(H,26,36)(H,27,42)(H,40,41)/t15-,16-,22-/m1/s1",CL,3.0,uL.min-1.(10^6cells)-1
332,"InChI=1S/C22H27N5O4/c1-13-17-11-18(14-3-8-19(30-2)24-12-14)21(29)27(20(17)26-22(23)25-13)15-4-6-16(7-5-15)31-10-9-28/h3,8,11-12,15-16,28H,4-7,9-10H2,1-2H3,(H2,23,25,26)/t15-,16-",CL,3.0,uL.min-1.(10^6cells)-1
333,"InChI=1S/C17H13Cl2NO3S/c18-11-7-5-10(6-8-11)15(21)20-14(17(22)23)9-24-16(20)12-3-1-2-4-13(12)19/h1-8,14,16H,9H2,(H,22,23)",CL,15.49,uL.min-1.(10^6cells)-1
334,"InChI=1S/C25H26F3N5O3/c1-32(2)22-19(14-21(34)35)23(33(3)4)31-20(30-22)13-15-5-11-18(12-6-15)29-24(36)16-7-9-17(10-8-16)25(26,27)28/h5-12H,13-14H2,1-4H3,(H,29,36)(H,34,35)",CL,4.47,uL.min-1.(10^6cells)-1
335,"InChI=1S/C35H36ClNO3S/c1-34(2,40)30-9-4-3-7-25(30)13-17-32(41-23-35(18-19-35)22-33(38)39)27-8-5-6-24(20-27)10-15-29-16-12-26-11-14-28(36)21-31(26)37-29/h3-12,14-16,20-21,32,40H,13,17-19,22-23H2,1-2H3,(H,38,39)/b15-10+/t32-/m1/s1",CL,14.0,uL.min-1.(10^6cells)-1
336,"InChI=1S/C25H36N4O4S/c1-16-22(24(30)26-17(2)25(3,4)5)23(29(27-16)20-12-14-33-15-13-20)28-34(31,32)21-10-8-19(9-11-21)18-6-7-18/h8-11,17-18,20,28H,6-7,12-15H2,1-5H3,(H,26,30)/t17-/m0/s1",CL,3.0,uL.min-1.(10^6cells)-1
337,"InChI=1S/C26H32N2O/c1-25-13-11-18(29)15-17(25)7-8-19-20-9-10-24(26(20,2)14-12-21(19)25)28-16-27-22-5-3-4-6-23(22)28/h3-7,10,16,18-21,29H,8-9,11-15H2,1-2H3/t18-,19?,20?,21?,25-,26-/m0/s1",CL,34.67,uL.min-1.(10^6cells)-1
338,"InChI=1S/C18H13ClFN3/c1-11-21-9-13-10-22-18(14-4-2-3-5-16(14)20)15-8-12(19)6-7-17(15)23(11)13/h2-9H,10H2,1H3",CL,32.36,uL.min-1.(10^6cells)-1
339,"InChI=1S/C16H23NO2/c1-5-11-7-6-8-12-9-14(19-15(11)12)13(18)10-17-16(2,3)4/h6-9,13,17-18H,5,10H2,1-4H3",CL,8.71,uL.min-1.(10^6cells)-1
340,"InChI=1S/C20H22ClN3O/c1-3-24(4-2)13-14-11-16(6-8-20(14)25)23-18-9-10-22-19-12-15(21)5-7-17(18)19/h5-12,25H,3-4,13H2,1-2H3,(H,22,23)",CL,32.36,uL.min-1.(10^6cells)-1
341,"InChI=1S/C8H6N4O5/c13-6-4-11(8(14)10-6)9-3-5-1-2-7(17-5)12(15)16/h1-3H,4H2,(H,10,13,14)/b9-3+",CL,3.0,uL.min-1.(10^6cells)-1
342,"InChI=1S/C22H19BrF2N2O3/c1-12-4-5-14(21(28)26-3)9-18(12)27-13(2)8-19(20(23)22(27)29)30-11-15-6-7-16(24)10-17(15)25/h4-10H,11H2,1-3H3,(H,26,28)",CL,3.0,uL.min-1.(10^6cells)-1
343,"InChI=1S/C9H8FNO/c1-2-9(12)11-8-5-3-7(10)4-6-8/h2-6H,1H2,(H,11,12)",CL,3.0,uL.min-1.(10^6cells)-1
344,"InChI=1S/C15H19N7O3S/c1-26(23,24)22-3-2-11-12(10-8-17-14(16)18-9-10)19-15(20-13(11)22)21-4-6-25-7-5-21/h8-9H,2-7H2,1H3,(H2,16,17,18)",CL,3.0,uL.min-1.(10^6cells)-1
345,"InChI=1S/C22H28ClN3O3S2/c23-16-4-1-3-15(13-16)7-9-24-8-2-11-30-12-10-25-14-19(28)17-5-6-18(27)20-21(17)31-22(29)26-20/h1,3-6,13,19,24-25,27-28H,2,7-12,14H2,(H,26,29)/t19-/m0/s1",CL,3.0,uL.min-1.(10^6cells)-1
346,"InChI=1S/C24H25ClFN5O2/c1-33-22-14-20-17(24(28-15-27-20)29-16-7-8-19(26)18(25)12-16)13-21(22)30-23(32)6-5-11-31-9-3-2-4-10-31/h5-8,12-15H,2-4,9-11H2,1H3,(H,30,32)(H,27,28,29)/b6-5+",CL,3.0,uL.min-1.(10^6cells)-1
347,"InChI=1S/C22H27Cl2N3O3S2/c23-16-4-1-3-14(19(16)24)7-9-25-8-2-11-31-12-10-26-13-18(29)15-5-6-17(28)20-21(15)32-22(30)27-20/h1,3-6,18,25-26,28-29H,2,7-13H2,(H,27,30)/t18-/m0/s1",CL,3.0,uL.min-1.(10^6cells)-1
348,"InChI=1S/C15H16FN5OS2/c1-8(6-22)18-12-11-13(19-14(17)24-11)21-15(20-12)23-7-9-4-2-3-5-10(9)16/h2-5,8,22H,6-7H2,1H3,(H3,17,18,19,20,21)/t8-/m1/s1",CL,5.75,uL.min-1.(10^6cells)-1
349,"InChI=1S/C28H36ClFN2O3/c1-20-17-25(7-8-26(20)29)35-24-11-13-31(14-12-24)19-22-9-15-32(16-10-22)28(2,27(33)34)18-21-3-5-23(30)6-4-21/h3-8,17,22,24H,9-16,18-19H2,1-2H3,(H,33,34)/t28-/m0/s1",CL,3.0,uL.min-1.(10^6cells)-1
350,"InChI=1S/C22H28N2O5S/c25-18-8-7-17(21-20(18)24-22(27)30-21)19(26)15-23-10-4-11-28-13-14-29-12-9-16-5-2-1-3-6-16/h1-3,5-8,19,23,25-26H,4,9-15H2,(H,24,27)/t19-/m0/s1",CL,3.0,uL.min-1.(10^6cells)-1
351,"InChI=1S/C22H28N2O5S2/c25-19-8-7-18(21-20(19)24-22(26)30-21)9-11-23-12-16-31(27,28)15-4-13-29-14-10-17-5-2-1-3-6-17/h1-3,5-8,23,25H,4,9-16H2,(H,24,26)",CL,42.5,uL.min-1.(10^6cells)-1
352,"InChI=1S/C22H21N3O/c23-21(26)17-13-19(15-5-2-1-3-6-15)20(25-14-17)16-7-9-18(10-8-16)22(24)11-4-12-22/h1-3,5-10,13-14H,4,11-12,24H2,(H2,23,26)",CL,3.0,uL.min-1.(10^6cells)-1
353,"InChI=1S/C8H9NO2/c1-6(10)9-7-2-4-8(11)5-3-7/h2-5,11H,1H3,(H,9,10)",CL,6.31,uL.min-1.(10^6cells)-1
354,"InChI=1S/C27H36N2O4/c1-4-33-25-17-20(12-13-22(25)27(31)32)18-26(30)28-23(16-19(2)3)21-10-6-7-11-24(21)29-14-8-5-9-15-29/h6-7,10-13,17,19,23H,4-5,8-9,14-16,18H2,1-3H3,(H,28,30)(H,31,32)/t23-/m0/s1",CL,29.51,uL.min-1.(10^6cells)-1
355,"InChI=1S/C18H15NO3/c20-16(21)12-11-15-19-17(13-7-3-1-4-8-13)18(22-15)14-9-5-2-6-10-14/h1-10H,11-12H2,(H,20,21)",CL,6.46,uL.min-1.(10^6cells)-1
356,"InChI=1S/C22H21N3O4/c1-2-16-4-3-5-17(12-16)25-22-18-13-20-21(14-19(18)23-15-24-22)29-11-9-27-7-6-26-8-10-28-20/h1,3-5,12-15H,6-11H2,(H,23,24,25)",CL,3.55,uL.min-1.(10^6cells)-1
357,"InChI=1S/C12H15N3O2S/c1-3-6-18-8-4-5-9-10(7-8)14-11(13-9)15-12(16)17-2/h4-5,7H,3,6H2,1-2H3,(H2,13,14,15,16)",CL,12.59,uL.min-1.(10^6cells)-1
358,"InChI=1S/C19H15F3N2O2/c1-12-2-6-14(7-3-12)16-11-17(19(20,21)22)23-24(16)15-8-4-13(5-9-15)10-18(25)26/h2-9,11H,10H2,1H3,(H,25,26)",CL,4.79,uL.min-1.(10^6cells)-1
359,"InChI=1S/C19H19ClN2O5S/c1-3-28(25,26)21-15-5-4-6-16-18(15)19(12(2)22(16)11-17(23)24)27-14-9-7-13(20)8-10-14/h4-10,21H,3,11H2,1-2H3,(H,23,24)",CL,3.0,uL.min-1.(10^6cells)-1
360,"InChI=1S/C25H24FNO4/c26-17-9-7-15(8-10-17)24-20-3-1-2-4-22(20)27-25(16-5-6-16)21(24)12-11-18(28)13-19(29)14-23(30)31/h1-4,7-12,16,18-19,28-29H,5-6,13-14H2,(H,30,31)/b12-11+/t18-,19-/m1/s1",CL,14.5,uL.min-1.(10^6cells)-1
361,"InChI=1S/C22H26FN3O2/c1-13-17(9-15(10-18(13)23)21(28)26-16-6-7-16)19-8-5-14(11-24-19)20(27)25-12-22(2,3)4/h5,8-11,16H,6-7,12H2,1-4H3,(H,25,27)(H,26,28)",CL,3.8,uL.min-1.(10^6cells)-1
362,"InChI=1S/C22H29ClN4O6/c1-33-13-16(28)12-26-19(29)11-25-27(21(26)31)15-6-7-18(23)17(10-15)20(30)24-14-22(32)8-4-2-3-5-9-22/h6-7,10-11,16,28,32H,2-5,8-9,12-14H2,1H3,(H,24,30)/t16-/m1/s1",CL,3.0,uL.min-1.(10^6cells)-1
363,"InChI=1S/C26H34FNO5/c1-15(2)25-21(11-10-19(29)12-20(30)13-23(31)32)24(17-6-8-18(27)9-7-17)22(14-33-5)26(28-25)16(3)4/h6-11,15-16,19-20,29-30H,12-14H2,1-5H3,(H,31,32)/b11-10+/t19-,20-/m1/s1",CL,10.72,uL.min-1.(10^6cells)-1
364,"InChI=1S/C18H20FN3O4/c1-10-9-26-17-14-11(16(23)12(18(24)25)8-22(10)14)7-13(19)15(17)21-5-3-20(2)4-6-21/h7-8,10H,3-6,9H2,1-2H3,(H,24,25)/t10-/m0/s1",CL,3.0,uL.min-1.(10^6cells)-1
365,"InChI=1S/C25H29N3O4/c29-17-28-22-14-20(8-11-23(22)30)24(31)15-26-13-12-18-6-9-21(10-7-18)27-16-25(32)19-4-2-1-3-5-19/h1-11,14,17,24-27,30-32H,12-13,15-16H2,(H,28,29)/t24-,25-/m0/s1",CL,3.0,uL.min-1.(10^6cells)-1
366,"InChI=1S/C19H19NO4S2/c1-12-4-9-17-16(10-12)19(13(2)20(17)11-18(21)22)25-14-5-7-15(8-6-14)26(3,23)24/h4-10H,11H2,1-3H3,(H,21,22)",CL,3.0,uL.min-1.(10^6cells)-1
367,"InChI=1S/C24H32ClN5O2/c1-15(2)26-13-19(17-4-6-18(25)7-5-17)24(32)30-10-8-29(9-11-30)23-21-16(3)12-20(31)22(21)27-14-28-23/h4-7,14-16,19-20,26,31H,8-13H2,1-3H3/t16-,19-,20-/m1/s1",CL,3.0,uL.min-1.(10^6cells)-1
368,"InChI=1S/C23H21N3/c24-23(14-4-15-23)19-9-7-18(8-10-19)22-21(17-5-2-1-3-6-17)12-11-20-13-16-25-26(20)22/h1-3,5-13,16H,4,14-15,24H2",CL,10.23,uL.min-1.(10^6cells)-1
369,"InChI=1S/C19H13F4N3O2/c1-10-6-12(20)3-4-14(10)26-15(8-17(25-26)19(21,22)23)11-2-5-16-13(7-11)24-18(27)9-28-16/h2-8H,9H2,1H3,(H,24,27)",CL,10.72,uL.min-1.(10^6cells)-1
370,"InChI=1S/C38H50N6O5/c1-38(2,3)43-37(49)32-20-26-14-7-8-15-27(26)22-44(32)23-33(45)30(19-24-11-5-4-6-12-24)41-36(48)31(21-34(39)46)42-35(47)29-18-17-25-13-9-10-16-28(25)40-29/h4-6,9-13,16-18,26-27,30-33,45H,7-8,14-15,19-23H2,1-3H3,(H2,39,46)(H,41,48)(H,42,47)(H,43,49)/t26-,27+,30-,31-,32-,33+/m0/s1",CL,25.7,uL.min-1.(10^6cells)-1
371,"InChI=1S/C22H23N3O4/c1-4-16-6-5-7-17(12-16)25-22-18-13-20(28-10-8-26-2)21(29-11-9-27-3)14-19(18)23-15-24-22/h1,5-7,12-15H,8-11H2,2-3H3,(H,23,24,25)",CL,7.41,uL.min-1.(10^6cells)-1
372,"InChI=1S/C17H13ClN4/c1-11-20-21-16-10-19-17(12-5-3-2-4-6-12)14-9-13(18)7-8-15(14)22(11)16/h2-9H,10H2,1H3",CL,3.98,uL.min-1.(10^6cells)-1
373,"InChI=1S/C27H38N2O4/c1-20(2)27(19-28,22-10-12-24(31-5)26(18-22)33-7)14-8-15-29(3)16-13-21-9-11-23(30-4)25(17-21)32-6/h9-12,17-18,20H,8,13-16H2,1-7H3",CL,26.3,uL.min-1.(10^6cells)-1
374,"InChI=1S/C24H27NO5S/c1-13-14(2)21-18(15(3)20(13)26)9-10-24(4,30-21)12-29-17-7-5-16(6-8-17)11-19-22(27)25-23(28)31-19/h5-8,19,26H,9-12H2,1-4H3,(H,25,27,28)",CL,28.18,uL.min-1.(10^6cells)-1
375,"InChI=1S/C16H13ClN2O/c1-19-14-8-7-12(17)9-13(14)16(18-10-15(19)20)11-5-3-2-4-6-11/h2-9H,10H2,1H3",CL,6.17,uL.min-1.(10^6cells)-1
376,"InChI=1S/C22H26N2O4S/c1-15(25)28-20-21(16-9-11-17(27-4)12-10-16)29-19-8-6-5-7-18(19)24(22(20)26)14-13-23(2)3/h5-12,20-21H,13-14H2,1-4H3/t20-,21+/m1/s1",CL,9.33,uL.min-1.(10^6cells)-1
377,"InChI=1S/C14H14ClNS/c15-13-4-2-1-3-11(13)9-16-7-5-14-12(10-16)6-8-17-14/h1-4,6,8H,5,7,9-10H2",CL,56.23,uL.min-1.(10^6cells)-1
378,"InChI=1S/C16H12FN3O3/c1-19-14-7-6-10(20(22)23)8-12(14)16(18-9-15(19)21)11-4-2-3-5-13(11)17/h2-8H,9H2,1H3",CL,5.01,uL.min-1.(10^6cells)-1
379,"InChI=1S/C7H8N4O2/c1-10-5-4(8-3-9-5)6(12)11(2)7(10)13/h3H,1-2H3,(H,8,9)",CL,3.0,uL.min-1.(10^6cells)-1
380,"InChI=1S/C31H37N5O3/c1-22-9-11-23(12-10-22)36-29(21-28(34-36)31(2,3)4)33-30(37)32-26-13-14-27(25-8-6-5-7-24(25)26)39-20-17-35-15-18-38-19-16-35/h5-14,21H,15-20H2,1-4H3,(H2,32,33,37)",CL,42.66,uL.min-1.(10^6cells)-1
381,"InChI=1S/C22H30O5/c1-12-8-14-15-5-7-22(27,18(26)11-23)21(15,3)10-17(25)19(14)20(2)6-4-13(24)9-16(12)20/h4,6,9,12,14-15,17,19,23,25,27H,5,7-8,10-11H2,1-3H3/t12-,14-,15-,17-,19+,20-,21-,22-/m0/s1",CL,9.12,uL.min-1.(10^6cells)-1
382,"InChI=1S/C31H39FN4O7/c1-5-42-27(38)11-10-24(16-21-12-13-33-29(21)39)34-30(40)22(15-20-6-8-23(32)9-7-20)17-26(37)28(18(2)3)35-31(41)25-14-19(4)43-36-25/h6-11,14,18,21-22,24,28H,5,12-13,15-17H2,1-4H3,(H,33,39)(H,34,40)(H,35,41)/b11-10+/t21-,22+,24+,28-/m0/s1",CL,40.74,uL.min-1.(10^6cells)-1
383,"InChI=1S/C16H15N3O2S2/c1-21-12-6-4-11(5-7-12)9-18-14(20)10-22-16-19-13-3-2-8-17-15(13)23-16/h2-8H,9-10H2,1H3,(H,18,20)",CL,60.26,uL.min-1.(10^6cells)-1
384,"InChI=1S/C26H28FN3O3S/c27-21-7-2-1-6-19(21)11-13-28-15-18-5-3-4-17(14-18)10-12-29-16-23(32)20-8-9-22(31)24-25(20)34-26(33)30-24/h1-9,14,23,28-29,31-32H,10-13,15-16H2,(H,30,33)/t23-/m0/s1",CL,3.0,uL.min-1.(10^6cells)-1
385,"InChI=1S/C19H16O4/c1-12(20)11-15(13-7-3-2-4-8-13)17-18(21)14-9-5-6-10-16(14)23-19(17)22/h2-10,15,21H,11H2,1H3/t15-/m0/s1",CL,3.0,uL.min-1.(10^6cells)-1
386,"InChI=1S/C17H19ClN2S/c1-19(2)10-5-11-20-14-6-3-4-7-16(14)21-17-9-8-13(18)12-15(17)20/h3-4,6-9,12H,5,10-11H2,1-2H3",CL,14.45,uL.min-1.(10^6cells)-1
387,"InChI=1S/C22H30N6O4S/c1-5-7-17-19-20(27(4)25-17)22(29)24-21(23-19)16-14-15(8-9-18(16)32-6-2)33(30,31)28-12-10-26(3)11-13-28/h8-9,14H,5-7,10-13H2,1-4H3,(H,23,24,29)",CL,16.6,uL.min-1.(10^6cells)-1
388,"InChI=1S/C18H21F3N6O2/c19-18(20,21)13-9-15(22)23-11-12(13)14-10-16(26-1-5-28-6-2-26)25-17(24-14)27-3-7-29-8-4-27/h9-11H,1-8H2,(H2,22,23)",CL,3.0,uL.min-1.(10^6cells)-1
389,"InChI=1S/C23H36O7/c1-4-13(2)23(29)30-20-11-17(25)9-15-6-5-14(3)19(22(15)20)8-7-16(24)10-18(26)12-21(27)28/h5-6,9,13-14,16-20,22,24-26H,4,7-8,10-12H2,1-3H3,(H,27,28)/t13-,14-,16+,17+,18+,19-,20-,22-/m0/s1",CL,3.0,uL.min-1.(10^6cells)-1
390,"InChI=1S/C13H8F2O3/c14-8-2-3-9(11(15)6-8)7-1-4-12(16)10(5-7)13(17)18/h1-6,16H,(H,17,18)",CL,6.31,uL.min-1.(10^6cells)-1
391,"InChI=1S/C8H11NO5S/c1-8(2)6(7(11)12)9-4(10)3-5(9)15(8,13)14/h5-6H,3H2,1-2H3,(H,11,12)/t5-,6+/m1/s1",CL,3.0,uL.min-1.(10^6cells)-1
392,"InChI=1S/C19H21N5O4/c1-26-15-10-12-13(11-16(15)27-2)21-19(22-17(12)20)24-7-5-23(6-8-24)18(25)14-4-3-9-28-14/h3-4,9-11H,5-8H2,1-2H3,(H2,20,21,22)",CL,5.37,uL.min-1.(10^6cells)-1
393,"InChI=1S/C13H22N4O3S/c1-14-13(9-17(18)19)15-6-7-21-10-12-5-4-11(20-12)8-16(2)3/h4-5,9,14-15H,6-8,10H2,1-3H3",CL,3.0,uL.min-1.(10^6cells)-1
394,"InChI=1S/C18H19N3O/c1-12-19-9-10-21(12)11-13-7-8-16-17(18(13)22)14-5-3-4-6-15(14)20(16)2/h3-6,9-10,13H,7-8,11H2,1-2H3",CL,3.0,uL.min-1.(10^6cells)-1
395,"InChI=1S/C16H19N3O5S/c1-16(2)11(15(23)24)19-13(22)10(14(19)25-16)18-12(21)9(17)7-3-5-8(20)6-4-7/h3-6,9-11,14,20H,17H2,1-2H3,(H,18,21)(H,23,24)/t9-,10-,11+,14-/m1/s1",CL,3.0,uL.min-1.(10^6cells)-1
396,"InChI=1S/C16H18N6O10S2/c1-16(2)12(14(26)22(16)32-34(28,29)30)19-13(25)11(8-6-33-15(17)18-8)20-31-5-7-3-9(23)10(24)4-21(7)27/h3-4,6,12,24,27H,5H2,1-2H3,(H2,17,18)(H,19,25)(H,28,29,30)/b20-11-/t12-/m1/s1",CL,3.0,uL.min-1.(10^6cells)-1
397,"InChI=1S/C24H26N2O4/c1-28-21-10-4-5-11-22(21)29-14-13-25-15-17(27)16-30-23-12-6-9-20-24(23)18-7-2-3-8-19(18)26-20/h2-12,17,25-27H,13-16H2,1H3",CL,26.3,uL.min-1.(10^6cells)-1
398,"InChI=1S/C14H9ClF3NO2/c15-9-3-4-11-10(7-9)13(14(16,17)18,21-12(20)19-11)6-5-8-1-2-8/h3-4,7-8H,1-2H2,(H,19,20)/t13-/m0/s1",CL,8.51,uL.min-1.(10^6cells)-1
399,"InChI=1S/C9H9NO/c1-2-9(11)10-8-6-4-3-5-7-8/h2-7H,1H2,(H,10,11)",CL,30.9,uL.min-1.(10^6cells)-1
400,"InChI=1S/C21H27N5O4S/c1-15-13-24-19(14-23-15)20(27)22-12-11-16-7-9-18(10-8-16)31(29,30)26-21(28)25-17-5-3-2-4-6-17/h7-10,13-14,17H,2-6,11-12H2,1H3,(H,22,27)(H2,25,26,28)",CL,4.27,uL.min-1.(10^6cells)-1
401,"InChI=1S/C27H36N4O5S/c1-26(2,28)25(33)29-22(18-36-17-20-9-5-4-6-10-20)24(32)30-15-13-27(14-16-30)19-31(37(3,34)35)23-12-8-7-11-21(23)27/h4-12,22H,13-19,28H2,1-3H3,(H,29,33)/t22-/m1/s1",CL,14.45,uL.min-1.(10^6cells)-1
402,"InChI=1S/C21H27NO3/c1-2-14-22-15-18(23)16-25-21-11-7-6-10-19(21)20(24)13-12-17-8-4-3-5-9-17/h3-11,18,22-23H,2,12-16H2,1H3",CL,38.02,uL.min-1.(10^6cells)-1
403,"InChI=1S/C19H16O4/c1-12(20)11-15(13-7-3-2-4-8-13)17-18(21)14-9-5-6-10-16(14)23-19(17)22/h2-10,15,21H,11H2,1H3",CL,3.0,uL.min-1.(10^6cells)-1
404,"InChI=1S/C22H18FN7O/c1-2-15(28-20-18-19(25-11-24-18)26-12-27-20)21-29-16-10-6-9-14(23)17(16)22(31)30(21)13-7-4-3-5-8-13/h3-12,15H,2H2,1H3,(H2,24,25,26,27,28)/t15-/m0/s1",CL,5.25,uL.min-1.(10^6cells)-1
405,"InChI=1S/C23H25ClN4O2S/c1-12-13(2)31-22-19(12)20(15-7-9-16(24)10-8-15)25-17(11-18(29)30-23(4,5)6)21-27-26-14(3)28(21)22/h7-10,17H,11H2,1-6H3/t17-/m0/s1",CL,16.6,uL.min-1.(10^6cells)-1
406,"InChI=1S/C17H18FN3O3/c18-13-7-11-14(8-15(13)20-5-3-19-4-6-20)21(10-1-2-10)9-12(16(11)22)17(23)24/h7-10,19H,1-6H2,(H,23,24)",CL,4.17,uL.min-1.(10^6cells)-1
407,"InChI=1S/C15H22O3/c1-11-6-7-12(2)13(10-11)18-9-5-8-15(3,4)14(16)17/h6-7,10H,5,8-9H2,1-4H3,(H,16,17)",CL,66.07,uL.min-1.(10^6cells)-1
